against_bug,against_dark,against_dragon,against_electric,against_fairy,against_fight,against_fire,against_flying,against_ghost,against_grass,against_ground,against_ice,against_normal,against_poison,against_psychic,against_rock,against_steel,against_water,attack,base_egg_steps,base_happiness,base_total,defense,experience_growth,height_m,hp,percentage_male,pokedex_number,sp_attack,sp_defense,speed,weight_kg,generation,is_legendary
1.0,1.0,1.0,0.0,1.0,1.0,1.0,1.0,1.0,2.0,1.0,2.0,1.0,0.5,1.0,0.5,1.0,2.0,120,5120,70,500,120,1000000,1.1,90,50.0,232,60,60,50,120.0,2,0
1.0,2.0,1.0,1.0,0.5,0.5,0.5,1.0,2.0,0.5,2.0,0.5,1.0,1.0,0.5,2.0,0.5,2.0,100,30720,100,600,100,1250000,0.4,100,,494,100,100,100,4.0,5,1
0.5,1.0,1.0,1.0,0.5,0.25,2.0,2.0,1.0,0.25,1.0,1.0,1.0,0.5,2.0,2.0,1.0,1.0,65,5120,70,450,60,1000000,1.5,70,50.0,49,90,75,90,12.5,1,0
1.0,0.5,1.0,1.0,1.0,1.0,1.0,1.0,0.5,0.5,2.0,1.0,1.0,0.5,0.0,1.0,1.0,1.0,63,5120,70,329,47,1000000,0.4,63,50.0,434,41,41,74,19.2,4,0
1.0,1.0,1.0,2.0,1.0,1.0,0.5,1.0,1.0,2.0,1.0,0.5,1.0,1.0,1.0,1.0,0.5,0.5,65,5120,70,314,64,1059860,0.6,50,88.1,158,44,48,43,9.5,2,0
1.0,1.0,1.0,0.0,1.0,1.0,1.0,1.0,1.0,2.0,1.0,2.0,1.0,0.5,1.0,0.5,1.0,2.0,85,5120,70,328,40,1000000,0.3,60,50.0,529,30,45,68,8.5,5,0
1.0,1.0,1.0,0.5,0.5,0.5,2.0,2.0,1.0,0.25,1.0,2.0,1.0,1.0,2.0,1.0,1.0,0.5,55,5120,70,294,45,1000000,0.2,69,50.0,590,55,55,15,1.0,5,0
2.0,0.5,1.0,1.0,2.0,4.0,0.5,0.5,0.5,2.0,2.0,1.0,0.5,0.5,0.0,1.0,2.0,2.0,164,10240,35,700,150,1250000,2.0,100,50.0,248,95,120,71,202.0,2,0
1.0,1.0,1.0,2.0,1.0,2.0,1.0,1.0,1.0,2.0,1.0,0.25,1.0,1.0,1.0,2.0,1.0,0.5,40,5120,70,290,50,1059860,0.8,70,50.0,363,55,50,25,39.5,3,0
0.5,1.0,0.5,0.5,0.5,2.0,2.0,0.25,1.0,0.5,4.0,0.5,0.5,0.0,0.5,0.5,0.25,1.0,60,5120,70,465,95,1000000,1.0,50,,82,120,70,70,60.0,1,0
0.5,1.0,1.0,2.0,1.0,1.0,1.0,1.0,0.0,0.5,0.0,2.0,1.0,1.0,1.0,2.0,1.0,1.0,50,3840,70,452,50,1000000,1.6,100,50.0,164,86,96,70,40.8,2,0
1.0,1.0,1.0,1.0,1.0,2.0,1.0,1.0,0.0,1.0,1.0,1.0,1.0,1.0,1.0,1.0,1.0,1.0,50,3840,70,300,40,800000,0.4,55,24.6,572,40,40,75,5.8,5,0
1.0,1.0,2.0,0.0,2.0,1.0,0.5,1.0,1.0,1.0,1.0,4.0,1.0,0.5,1.0,0.5,1.0,1.0,70,10240,70,300,45,1250000,0.7,58,50.0,443,40,45,42,20.5,4,0
0.25,1.0,0.5,2.0,0.5,1.0,2.0,0.5,1.0,0.25,0.0,1.0,0.5,0.0,0.5,1.0,0.5,1.0,80,6400,70,465,140,1250000,1.7,65,50.0,227,40,70,70,50.5,2,0
0.5,1.0,1.0,2.0,1.0,1.0,1.0,1.0,0.0,0.5,0.0,2.0,1.0,1.0,1.0,2.0,1.0,1.0,40,5120,70,310,60,600000,0.4,45,50.0,333,40,75,50,1.2,3,0
1.0,2.0,1.0,0.5,1.0,0.0,2.0,2.0,2.0,0.5,0.5,2.0,0.0,1.0,1.0,1.0,1.0,0.5,66,5120,70,335,70,1000000,0.8,59,50.0,710,44,55,41,15.0,6,0
0.5,1.0,1.0,1.0,0.5,1.0,0.5,1.0,1.0,0.5,2.0,0.5,1.0,1.0,1.0,2.0,0.5,2.0,98,5120,70,498,63,1000000,1.0,75,88.1,514,98,63,101,28.0,5,0
1.0,1.0,1.0,2.0,1.0,1.0,0.5,1.0,1.0,2.0,1.0,0.5,1.0,1.0,1.0,1.0,0.5,0.5,50,5120,70,294,40,1059860,0.5,50,50.0,535,50,40,64,4.5,5,0
0.5,1.0,1.0,1.0,1.0,0.5,1.0,0.5,1.0,0.5,0.0,2.0,1.0,1.0,1.0,2.0,0.5,1.0,75,5120,70,428,60,1000000,0.4,55,50.0,587,75,60,103,5.0,5,0
1.0,1.0,1.0,1.0,1.0,0.5,2.0,2.0,1.0,0.5,0.5,1.0,1.0,1.0,1.0,2.0,1.0,1.0,70,3840,70,495,40,1000000,0.8,80,50.0,617,100,60,145,25.3,5,0
0.5,0.5,1.0,1.0,2.0,2.0,1.0,2.0,0.0,1.0,1.0,1.0,1.0,1.0,2.0,0.5,1.0,1.0,75,3840,70,340,50,1000000,0.5,70,50.0,759,45,50,50,6.8,7,0
0.5,1.0,0.5,1.0,0.5,4.0,1.0,0.25,1.0,1.0,4.0,0.5,0.25,0.0,0.5,0.5,1.0,2.0,70,8960,35,330,100,1250000,0.4,50,50.0,304,40,40,30,60.0,3,0
0.5,1.0,1.0,1.0,1.0,0.5,1.0,0.5,1.0,0.5,0.0,2.0,1.0,1.0,1.0,2.0,0.5,1.0,105,30720,90,580,70,1250000,1.5,79,100.0,642,145,80,101,61.0,5,1
1.0,1.0,2.0,0.5,2.0,1.0,0.5,1.0,1.0,0.5,1.0,2.0,1.0,1.0,1.0,1.0,1.0,0.5,120,7680,70,485,90,1000000,1.6,77,50.0,621,60,90,48,139.0,5,0
0.5,1.0,1.0,1.0,0.5,0.5,1.0,1.0,1.0,0.5,2.0,1.0,1.0,0.5,2.0,1.0,1.0,1.0,95,5120,70,448,69,1000000,3.5,60,50.0,24,65,79,80,65.0,1,0
0.5,1.0,2.0,1.0,2.0,0.5,0.5,1.0,1.0,0.25,0.0,4.0,1.0,1.0,1.0,2.0,1.0,0.5,134,10240,35,600,95,1250000,2.2,91,50.0,149,100,100,80,210.0,1,0
0.5,1.0,1.0,1.0,0.5,1.0,0.5,1.0,1.0,0.5,2.0,0.5,1.0,1.0,1.0,2.0,0.5,2.0,95,6400,70,495,57,1000000,1.3,65,75.4,126,100,85,93,44.5,1,0
2.0,0.5,2.0,0.5,4.0,2.0,0.5,1.0,0.5,0.5,1.0,2.0,1.0,1.0,0.0,1.0,1.0,0.5,105,10240,35,600,90,1250000,1.8,92,50.0,635,125,90,98,160.0,5,0
1.0,1.0,1.0,0.0,1.0,2.0,0.5,0.5,1.0,4.0,2.0,2.0,0.5,0.25,1.0,0.5,2.0,4.0,140,5120,70,535,130,1250000,2.4,115,50.0,464,55,55,40,282.8,4,0
1.0,1.0,1.0,0.5,0.5,0.5,2.0,2.0,1.0,0.25,1.0,2.0,1.0,1.0,2.0,1.0,1.0,0.5,65,5120,70,395,70,1059860,0.8,60,50.0,44,85,75,40,8.6,1,0
1.0,1.0,1.0,1.0,1.0,2.0,1.0,1.0,0.0,1.0,1.0,1.0,1.0,1.0,1.0,1.0,1.0,1.0,160,3840,70,670,100,1250000,2.0,150,50.0,289,95,65,100,130.5,3,0
1.0,2.0,0.5,1.0,0.5,1.0,2.0,0.5,2.0,0.5,2.0,0.5,0.5,0.0,0.25,0.5,0.5,1.0,55,10240,35,300,80,1250000,0.6,40,,374,35,60,30,95.2,3,0
0.5,1.0,1.0,1.0,0.5,1.0,0.5,1.0,1.0,0.5,2.0,0.5,1.0,1.0,1.0,2.0,0.5,2.0,59,5120,70,409,58,1059860,1.0,59,88.1,654,90,70,73,14.5,6,0
0.5,0.5,0.0,1.0,1.0,1.0,0.5,0.5,1.0,2.0,2.0,1.0,0.5,1.0,1.0,1.0,4.0,2.0,160,6400,70,700,110,1250000,0.7,50,,719,160,110,110,8.8,6,1
2.0,2.0,1.0,1.0,1.0,0.5,1.0,1.0,2.0,1.0,1.0,1.0,1.0,1.0,0.5,1.0,1.0,1.0,29,30720,0,200,31,1250000,0.2,43,,789,29,31,37,0.1,7,1
1.0,1.0,1.0,0.5,1.0,1.0,1.0,0.5,1.0,1.0,2.0,1.0,1.0,1.0,1.0,1.0,0.5,1.0,50,5120,70,490,70,1000000,1.2,60,,101,80,80,150,66.6,1,0
1.0,2.0,0.5,1.0,0.5,1.0,2.0,0.5,2.0,0.5,2.0,0.5,0.5,0.0,0.25,0.5,0.5,1.0,145,10240,35,700,150,1250000,1.6,80,,376,105,110,110,550.0,3,0
2.0,2.0,1.0,2.0,1.0,0.5,0.5,1.0,2.0,2.0,1.0,0.5,1.0,1.0,0.5,1.0,0.5,0.5,75,5120,70,520,85,1250000,1.1,60,,121,100,85,115,80.0,1,0
1.0,1.0,2.0,0.5,2.0,1.0,0.5,1.0,1.0,0.5,1.0,2.0,1.0,1.0,1.0,1.0,1.0,0.5,100,10240,35,600,70,1250000,2.0,90,50.0,706,110,150,80,150.5,6,0
1.0,1.0,1.0,1.0,1.0,2.0,2.0,1.0,1.0,1.0,1.0,0.5,1.0,1.0,1.0,2.0,2.0,1.0,69,5120,70,304,85,1000000,1.0,55,50.0,712,32,35,28,99.5,6,0
2.0,1.0,1.0,0.5,1.0,1.0,2.0,2.0,1.0,0.5,0.5,2.0,1.0,2.0,1.0,1.0,1.0,0.5,55,5120,70,435,115,1000000,1.0,65,50.0,114,100,40,60,35.0,1,0
0.5,1.0,1.0,1.0,0.5,1.0,0.5,1.0,1.0,0.5,2.0,0.5,1.0,1.0,1.0,2.0,0.5,2.0,65,3840,70,320,40,1059860,0.4,45,88.1,725,60,40,70,4.3,7,0
1.0,1.0,1.0,1.0,1.0,2.0,2.0,1.0,1.0,1.0,1.0,0.5,1.0,1.0,1.0,2.0,2.0,1.0,130,5120,70,505,80,1000000,2.6,95,50.0,614,70,80,50,260.0,5,0
0.5,1.0,1.0,4.0,1.0,0.5,0.5,1.0,1.0,1.0,0.0,1.0,1.0,1.0,1.0,2.0,0.5,0.5,87,5120,70,473,63,1000000,1.3,75,50.0,581,87,63,98,24.2,5,0
1.0,1.0,1.0,1.0,1.0,2.0,1.0,1.0,0.0,1.0,1.0,1.0,1.0,1.0,1.0,1.0,1.0,1.0,110,5120,70,490,95,1000000,1.6,95,50.0,626,40,95,55,94.6,5,0
2.0,2.0,2.0,0.5,2.0,0.5,0.5,1.0,2.0,0.5,1.0,2.0,1.0,1.0,0.5,1.0,1.0,0.5,130,30720,90,700,100,1250000,2.0,80,100.0,381,160,120,110,60.0,3,1
0.5,0.5,1.0,1.0,2.0,1.0,1.0,2.0,1.0,1.0,1.0,1.0,1.0,1.0,2.0,0.5,1.0,1.0,82,6400,70,348,62,1000000,0.6,67,50.0,674,46,48,43,8.0,6,0
2.0,2.0,1.0,1.0,1.0,0.5,1.0,1.0,2.0,1.0,1.0,1.0,1.0,1.0,0.5,1.0,1.0,1.0,55,5120,70,335,55,1000000,0.5,55,50.0,605,85,55,30,9.0,5,0
1.0,1.0,1.0,2.0,1.0,1.0,0.5,1.0,1.0,2.0,1.0,0.5,1.0,1.0,1.0,1.0,0.5,0.5,90,10240,70,500,45,1640000,14.5,170,50.0,321,90,45,60,398.0,3,0
1.0,1.0,1.0,1.0,1.0,2.0,1.0,1.0,0.0,1.0,1.0,1.0,1.0,1.0,1.0,1.0,1.0,1.0,60,5120,70,545,126,800000,1.1,103,50.0,531,80,126,50,31.0,5,0
1.0,1.0,1.0,2.0,1.0,1.0,0.5,1.0,1.0,2.0,1.0,0.5,1.0,1.0,1.0,1.0,0.5,0.5,105,5120,70,480,75,1000000,0.9,75,50.0,224,105,75,45,28.5,2,0
0.5,1.0,1.0,1.0,0.5,1.0,0.5,1.0,1.0,0.5,2.0,0.5,1.0,1.0,1.0,2.0,0.5,2.0,58,5120,70,309,44,1059860,0.5,44,88.1,390,58,44,61,6.2,4,0
2.0,2.0,1.0,1.0,1.0,0.5,1.0,1.0,2.0,1.0,1.0,1.0,1.0,1.0,0.5,1.0,1.0,1.0,107,30720,0,600,101,1250000,2.4,97,,800,127,89,79,230.0,7,1
0.25,0.5,1.0,1.0,1.0,1.0,0.5,2.0,1.0,0.5,2.0,0.5,1.0,1.0,2.0,1.0,0.5,2.0,104,5120,70,534,71,1059860,1.2,76,88.1,392,104,71,108,55.0,4,0
1.0,1.0,1.0,1.0,1.0,2.0,2.0,1.0,1.0,1.0,1.0,0.5,1.0,1.0,1.0,2.0,2.0,1.0,60,8960,35,525,110,1000000,0.8,65,88.1,471,130,95,65,25.9,4,0
0.5,1.0,1.0,1.0,0.5,1.0,0.5,1.0,1.0,0.5,2.0,0.5,1.0,1.0,1.0,2.0,0.5,2.0,97,5120,70,484,66,1000000,1.4,85,50.0,631,105,66,65,58.0,5,0
2.0,0.5,1.0,1.0,2.0,4.0,2.0,1.0,0.5,1.0,1.0,0.5,1.0,1.0,0.0,2.0,2.0,1.0,120,5120,35,510,65,1059860,1.1,70,50.0,461,45,85,125,34.0,4,0
1.0,2.0,1.0,2.0,1.0,0.25,1.0,1.0,2.0,0.5,0.0,2.0,1.0,1.0,0.5,2.0,1.0,1.0,75,5120,70,470,70,1000000,1.5,65,50.0,178,95,70,95,15.0,2,0
2.0,1.0,1.0,0.0,1.0,1.0,2.0,2.0,1.0,1.0,0.5,4.0,1.0,1.0,1.0,0.5,1.0,1.0,109,5120,70,525,105,1059860,2.2,95,88.1,389,75,85,56,310.0,4,0
0.5,1.0,2.0,1.0,2.0,0.5,0.5,1.0,1.0,0.25,0.0,4.0,1.0,1.0,1.0,2.0,1.0,0.5,180,30720,0,780,100,1250000,7.0,105,,384,180,100,115,206.5,3,1
1.0,2.0,1.0,2.0,1.0,0.25,1.0,1.0,2.0,0.5,0.0,2.0,1.0,1.0,0.5,2.0,1.0,1.0,90,30720,0,680,130,1250000,5.2,106,,249,90,154,110,216.0,2,1
1.0,1.0,1.0,1.0,1.0,2.0,1.0,1.0,0.0,1.0,1.0,1.0,1.0,1.0,1.0,1.0,1.0,1.0,35,5120,70,290,35,1000000,,40,50.0,52,50,40,90,,1,0
0.5,0.5,0.0,1.0,1.0,0.25,2.0,2.0,1.0,0.5,0.5,1.0,1.0,2.0,1.0,2.0,2.0,1.0,55,5120,70,464,60,1000000,0.2,60,50.0,743,95,70,124,0.5,7,0
0.5,0.5,0.0,1.0,1.0,0.5,1.0,1.0,1.0,1.0,1.0,1.0,1.0,2.0,1.0,1.0,2.0,1.0,80,5120,70,480,86,1000000,0.8,82,50.0,685,85,75,72,5.0,6,0
0.5,0.5,1.0,1.0,2.0,1.0,1.0,2.0,1.0,1.0,1.0,1.0,1.0,1.0,2.0,0.5,1.0,1.0,80,5120,70,305,50,1059860,0.8,70,75.4,66,35,35,35,19.5,1,0
1.0,1.0,1.0,1.0,1.0,2.0,1.0,1.0,0.0,1.0,1.0,1.0,1.0,1.0,1.0,1.0,1.0,1.0,46,3840,70,215,34,1000000,0.8,35,50.0,161,35,45,20,6.0,2,0
0.5,1.0,1.0,1.0,0.5,1.0,0.5,1.0,1.0,0.5,2.0,0.5,1.0,1.0,1.0,2.0,0.5,2.0,53,5120,70,316,48,1000000,0.6,50,88.1,513,53,48,64,11.0,5,0
1.0,1.0,1.0,0.5,1.0,0.5,2.0,1.0,1.0,0.5,1.0,1.0,1.0,1.0,1.0,2.0,0.5,1.0,47,5120,70,319,50,1000000,0.1,50,50.0,595,57,50,65,0.6,5,0
0.5,1.0,1.0,2.0,1.0,1.0,0.5,0.5,1.0,1.0,0.0,2.0,0.5,0.5,1.0,2.0,2.0,2.0,140,7680,70,567,65,1000000,1.4,75,88.1,567,112,65,110,32.0,5,0
0.5,1.0,1.0,1.0,0.5,0.5,1.0,1.0,1.0,0.5,2.0,1.0,1.0,0.5,2.0,1.0,1.0,1.0,62,5120,70,365,67,1059860,0.8,70,0.0,30,55,55,56,20.0,1,0
2.0,0.5,1.0,2.0,2.0,2.0,0.5,1.0,0.5,2.0,1.0,0.5,1.0,1.0,0.0,1.0,0.5,0.5,145,5120,70,640,67,1059860,1.5,72,88.1,658,153,71,132,40.0,6,0
1.0,1.0,1.0,2.0,1.0,1.0,0.5,1.0,1.0,2.0,1.0,0.5,1.0,1.0,1.0,1.0,0.5,0.5,69,3840,70,420,69,1059860,0.6,60,88.1,729,91,81,50,17.5,7,0
1.0,1.0,1.0,2.0,1.0,1.0,0.5,1.0,1.0,2.0,1.0,0.5,1.0,1.0,1.0,1.0,0.5,0.5,104,5120,70,485,105,600000,1.7,55,50.0,367,94,75,52,27.0,3,0
2.0,1.0,1.0,1.0,1.0,1.0,1.0,2.0,1.0,1.0,0.5,1.0,1.0,2.0,1.0,1.0,0.5,0.25,50,3840,70,340,50,1059860,1.2,60,50.0,271,60,70,50,32.5,3,0
0.5,0.5,0.0,1.0,1.0,0.5,1.0,1.0,1.0,1.0,1.0,1.0,1.0,2.0,1.0,1.0,2.0,1.0,120,5120,70,450,75,800000,1.4,90,24.6,210,60,60,45,48.7,2,0
0.5,1.0,1.0,1.0,0.5,1.0,0.5,1.0,1.0,0.5,2.0,0.5,1.0,1.0,1.0,2.0,0.5,2.0,85,3840,70,420,50,1059860,0.7,65,88.1,726,80,50,90,25.0,7,0
1.0,1.0,1.0,2.0,1.0,1.0,0.5,1.0,1.0,2.0,1.0,0.5,1.0,1.0,1.0,1.0,0.5,0.5,75,10240,70,470,80,800000,1.2,165,50.0,594,40,45,65,31.6,5,0
1.0,1.0,1.0,1.0,2.0,0.5,1.0,2.0,2.0,1.0,1.0,1.0,1.0,1.0,1.0,0.5,1.0,1.0,100,5120,70,510,85,1000000,1.3,60,50.0,308,80,85,100,31.5,3,0
2.0,0.5,1.0,0.0,2.0,2.0,1.0,1.0,0.5,2.0,1.0,2.0,1.0,0.5,0.0,0.5,1.0,2.0,117,5120,70,519,80,1059860,1.5,95,50.0,553,65,70,92,96.3,5,0
0.5,1.0,1.0,1.0,0.5,0.5,1.0,1.0,1.0,0.5,2.0,1.0,1.0,0.5,2.0,1.0,1.0,1.0,65,5120,70,340,95,1000000,0.6,40,50.0,109,60,45,35,1.0,1,0
0.5,1.0,1.0,0.0,0.5,0.5,1.0,1.0,1.0,1.0,2.0,2.0,1.0,0.25,2.0,0.5,1.0,2.0,102,5120,70,505,77,1059860,1.4,81,100.0,34,85,75,85,62.0,1,0
1.0,1.0,1.0,2.0,1.0,1.0,0.5,1.0,1.0,2.0,1.0,0.5,1.0,1.0,1.0,1.0,0.5,0.5,53,5120,70,316,48,1000000,0.6,50,88.1,515,53,48,64,13.5,5,0
0.5,1.0,1.0,2.0,0.5,1.0,0.25,1.0,1.0,1.0,2.0,0.25,1.0,1.0,1.0,2.0,0.25,1.0,110,30720,100,600,120,1250000,1.7,80,,721,130,90,70,195.0,6,1
0.5,1.0,1.0,1.0,0.5,0.5,1.0,1.0,1.0,0.5,2.0,1.0,1.0,0.5,2.0,1.0,1.0,1.0,100,5120,70,458,60,1640000,2.7,73,50.0,336,100,60,65,52.5,3,0
4.0,1.0,1.0,1.0,2.0,1.0,1.0,1.0,1.0,1.0,1.0,1.0,1.0,1.0,0.0,1.0,1.0,1.0,54,5120,70,288,53,1000000,0.4,53,50.0,686,37,46,45,3.5,6,0
1.0,1.0,2.0,0.5,2.0,1.0,0.5,1.0,1.0,0.5,1.0,2.0,1.0,1.0,1.0,1.0,1.0,0.5,50,10240,35,300,35,1250000,0.3,45,50.0,704,55,75,40,2.8,6,0
1.0,1.0,1.0,1.0,1.0,2.0,1.0,1.0,0.0,1.0,1.0,1.0,1.0,1.0,1.0,1.0,1.0,1.0,66,5120,0,350,44,1000000,0.4,55,50.0,427,44,56,85,5.5,4,0
1.0,1.0,1.0,2.0,1.0,1.0,0.5,1.0,1.0,2.0,1.0,0.5,1.0,1.0,1.0,1.0,0.5,0.5,65,8960,70,525,60,1000000,1.0,130,88.1,134,110,95,65,29.0,1,0
4.0,0.5,1.0,0.5,2.0,2.0,2.0,2.0,0.5,0.5,0.5,2.0,1.0,2.0,0.0,1.0,1.0,0.5,115,5120,35,475,60,1059860,1.3,70,50.0,332,115,60,55,77.4,3,0
1.0,1.0,1.0,2.0,1.0,1.0,0.5,1.0,1.0,2.0,1.0,0.5,1.0,1.0,1.0,1.0,0.5,0.5,98,5120,70,498,63,1000000,1.0,75,88.1,516,98,63,101,29.0,5,0
2.0,2.0,1.0,1.0,1.0,0.5,1.0,1.0,2.0,1.0,1.0,1.0,1.0,1.0,0.5,1.0,1.0,1.0,30,5120,70,290,40,1059860,0.3,45,50.0,577,105,50,20,1.0,5,0
1.0,1.0,1.0,2.0,1.0,1.0,0.5,1.0,1.0,2.0,1.0,0.5,1.0,1.0,1.0,1.0,0.5,0.5,92,5120,70,450,65,1000000,1.3,80,50.0,119,65,80,68,39.0,1,0
1.0,0.5,0.0,0.5,1.0,0.5,2.0,2.0,1.0,0.5,0.5,2.0,1.0,4.0,1.0,1.0,2.0,0.5,67,5120,70,480,85,1000000,0.7,60,50.0,547,77,75,116,6.6,5,0
1.0,1.0,1.0,2.0,1.0,2.0,1.0,1.0,1.0,2.0,1.0,0.25,1.0,1.0,1.0,2.0,1.0,0.5,70,5120,70,475,80,1000000,1.7,90,50.0,87,70,95,70,120.0,1,0
1.0,4.0,1.0,1.0,1.0,0.0,1.0,1.0,4.0,1.0,1.0,1.0,0.0,0.5,0.5,1.0,1.0,1.0,160,30720,100,680,60,1250000,,80,,720,170,130,80,,6,1
2.0,1.0,1.0,0.5,1.0,1.0,2.0,2.0,1.0,0.5,0.5,2.0,1.0,2.0,1.0,1.0,1.0,0.5,40,5120,70,290,48,1059860,0.7,52,0.0,762,40,48,62,8.2,7,0
1.0,1.0,1.0,1.0,1.0,0.5,2.0,2.0,1.0,0.5,0.5,1.0,1.0,1.0,1.0,2.0,1.0,1.0,35,3840,70,205,55,1000000,0.7,50,50.0,268,25,25,15,11.5,3,0
1.0,1.0,1.0,0.0,1.0,1.0,1.0,1.0,1.0,2.0,1.0,2.0,1.0,0.5,1.0,0.5,1.0,2.0,100,5120,70,290,45,1059860,0.7,45,50.0,328,45,45,10,15.0,3,0
1.0,1.0,1.0,1.0,1.0,1.0,1.0,1.0,1.0,1.0,1.0,1.0,0.5,0.5,1.0,2.0,2.0,2.0,95,7680,70,355,50,600000,0.7,45,88.1,347,40,50,75,12.5,3,0
1.0,1.0,1.0,0.0,1.0,1.0,1.0,1.0,1.0,2.0,1.0,2.0,1.0,0.5,1.0,0.5,1.0,2.0,50,5120,70,320,95,1000000,0.4,50,50.0,104,40,50,35,6.5,1,0
0.5,1.0,1.0,2.0,1.0,1.0,1.0,1.0,0.0,0.5,0.0,2.0,1.0,1.0,1.0,2.0,1.0,1.0,75,3840,70,265,30,1000000,0.3,35,50.0,731,30,30,65,1.2,7,0
0.25,0.5,1.0,2.0,2.0,0.5,1.0,2.0,1.0,0.5,0.0,2.0,1.0,1.0,2.0,1.0,1.0,1.0,92,5120,70,500,75,1000000,0.8,78,50.0,701,74,63,118,21.5,6,0
2.0,2.0,1.0,2.0,1.0,0.5,0.5,1.0,2.0,2.0,1.0,0.5,1.0,1.0,0.5,1.0,0.5,0.5,65,5120,70,315,65,1000000,1.2,90,50.0,79,40,40,15,36.0,1,0
2.0,2.0,1.0,1.0,1.0,0.5,1.0,1.0,2.0,1.0,1.0,1.0,1.0,1.0,0.5,1.0,1.0,1.0,65,8960,70,525,60,1000000,0.9,65,88.1,196,130,95,110,26.5,2,0
0.5,0.5,0.0,1.0,1.0,0.5,1.0,1.0,1.0,1.0,1.0,1.0,1.0,2.0,1.0,1.0,2.0,1.0,25,2560,140,218,28,800000,0.3,50,24.6,173,45,55,15,3.0,2,0
0.5,1.0,1.0,1.0,0.5,1.0,0.5,1.0,1.0,0.5,2.0,0.5,1.0,1.0,1.0,2.0,0.5,2.0,130,8960,70,525,60,1000000,0.9,65,88.1,136,95,110,65,25.0,1,0
1.0,1.0,1.0,0.5,1.0,1.0,1.0,0.5,1.0,1.0,2.0,1.0,1.0,1.0,1.0,1.0,0.5,1.0,83,6400,70,490,57,1000000,1.1,65,75.4,125,95,85,105,30.0,1,0
2.0,1.0,1.0,0.5,1.0,1.0,2.0,2.0,1.0,0.5,0.5,2.0,1.0,2.0,1.0,1.0,1.0,0.5,60,5120,70,450,70,1000000,0.5,70,50.0,421,87,78,85,9.3,4,0
0.25,2.0,1.0,1.0,0.5,0.0,1.0,1.0,2.0,0.5,2.0,1.0,0.0,0.25,2.0,1.0,1.0,1.0,65,5120,70,600,80,1059860,1.5,60,50.0,94,170,95,130,40.5,1,0
0.5,1.0,1.0,2.0,1.0,1.0,1.0,1.0,0.0,0.5,0.0,2.0,1.0,1.0,1.0,2.0,1.0,1.0,30,3840,70,262,30,1000000,0.7,60,50.0,163,36,56,50,21.2,2,0
1.0,1.0,2.0,0.5,2.0,2.0,0.25,0.5,1.0,1.0,2.0,2.0,0.5,0.5,1.0,1.0,2.0,1.0,121,7680,70,521,119,1000000,2.5,82,88.1,697,69,59,71,270.0,6,0
1.0,2.0,1.0,0.5,1.0,0.0,2.0,2.0,2.0,0.5,0.5,2.0,0.0,1.0,1.0,1.0,1.0,0.5,70,5120,70,309,48,1000000,0.4,43,50.0,708,50,60,38,7.0,6,0
1.0,1.0,1.0,1.0,1.0,2.0,2.0,1.0,1.0,1.0,1.0,0.5,1.0,1.0,1.0,2.0,2.0,1.0,65,5120,70,395,65,1250000,1.1,51,50.0,583,80,75,59,41.0,5,0
1.0,1.0,2.0,0.0,2.0,1.0,0.5,1.0,1.0,1.0,1.0,4.0,1.0,0.5,1.0,0.5,1.0,1.0,90,10240,70,410,65,1250000,1.4,68,50.0,444,50,55,82,56.0,4,0
1.0,1.0,1.0,0.0,1.0,1.0,1.0,1.0,1.0,2.0,1.0,2.0,1.0,0.5,1.0,0.5,1.0,2.0,80,5120,70,425,110,1000000,,60,50.0,105,50,80,45,,1,0
0.5,1.0,1.0,2.0,1.0,0.25,2.0,2.0,1.0,0.25,0.0,2.0,1.0,1.0,1.0,4.0,1.0,1.0,30,3840,70,244,42,1059860,0.3,30,88.1,415,30,42,70,5.5,4,0
1.0,1.0,1.0,0.5,1.0,0.5,2.0,1.0,1.0,0.5,1.0,1.0,1.0,1.0,1.0,2.0,0.5,1.0,70,3840,70,500,90,1000000,1.5,77,50.0,738,145,75,43,45.0,7,0
0.5,1.0,1.0,1.0,0.5,0.5,1.0,1.0,1.0,0.5,2.0,1.0,1.0,0.5,2.0,1.0,1.0,1.0,47,5120,70,275,52,1059860,0.4,55,0.0,29,40,40,41,7.0,1,0
1.0,1.0,1.0,1.0,1.0,2.0,1.0,1.0,0.0,1.0,1.0,1.0,1.0,1.0,1.0,1.0,1.0,1.0,80,5120,70,330,50,1000000,0.6,60,50.0,216,50,50,40,8.8,2,0
1.0,1.0,1.0,2.0,1.0,2.0,0.25,0.5,1.0,4.0,2.0,0.5,0.5,0.5,1.0,1.0,1.0,1.0,78,7680,70,355,103,1000000,0.7,54,88.1,564,53,45,22,16.5,5,0
2.0,1.0,1.0,0.5,1.0,1.0,2.0,2.0,1.0,0.5,0.5,2.0,1.0,2.0,1.0,1.0,1.0,0.5,82,5120,70,525,100,1059860,1.8,80,88.1,154,83,100,80,100.5,2,0
0.5,1.0,1.0,1.0,0.5,0.5,1.0,1.0,1.0,0.5,2.0,1.0,1.0,0.5,2.0,1.0,1.0,1.0,73,5120,70,467,83,1640000,1.7,100,50.0,317,73,83,55,80.0,3,0
1.0,1.0,1.0,0.5,1.0,1.0,1.0,0.5,1.0,1.0,2.0,1.0,1.0,1.0,1.0,1.0,0.5,1.0,75,5120,70,575,80,1250000,1.5,70,50.0,310,135,80,135,40.2,3,0
0.5,2.0,1.0,1.0,1.0,0.0,1.0,1.0,2.0,1.0,1.0,1.0,0.0,0.5,1.0,1.0,1.0,1.0,75,6400,35,295,35,800000,0.6,44,50.0,353,63,33,45,2.3,3,0
0.5,1.0,1.0,0.0,1.0,0.5,1.0,1.0,1.0,1.0,0.0,4.0,1.0,0.5,1.0,1.0,1.0,2.0,145,30720,90,600,90,1250000,1.5,89,100.0,645,105,80,91,68.0,5,1
1.0,1.0,1.0,1.0,2.0,0.5,1.0,2.0,2.0,1.0,1.0,1.0,1.0,1.0,1.0,0.5,1.0,1.0,165,5120,35,618,95,1250000,1.6,68,100.0,475,65,115,110,52.0,4,0
2.0,0.5,2.0,0.5,4.0,2.0,0.5,1.0,0.5,0.5,1.0,2.0,1.0,1.0,0.0,1.0,1.0,0.5,65,10240,35,300,50,1250000,0.8,52,50.0,633,45,50,38,17.3,5,0
0.5,0.5,0.0,1.0,1.0,0.5,1.0,1.0,1.0,1.0,1.0,1.0,1.0,2.0,1.0,1.0,2.0,1.0,20,2560,70,245,65,800000,0.3,35,88.1,175,40,65,20,1.5,2,0
0.25,0.5,0.0,1.0,0.5,1.0,2.0,0.5,1.0,0.5,2.0,0.5,0.5,0.0,0.5,0.5,1.0,1.0,95,30720,0,600,115,1250000,1.0,80,,801,130,115,65,80.5,7,1
0.5,1.0,1.0,2.0,1.0,1.0,1.0,1.0,0.0,0.5,0.0,2.0,1.0,1.0,1.0,2.0,1.0,1.0,115,3840,70,488,80,1059860,1.2,80,50.0,521,65,55,93,29.0,5,0
1.0,1.0,1.0,2.0,1.0,1.0,0.5,1.0,1.0,2.0,1.0,0.5,1.0,1.0,1.0,1.0,0.5,0.5,75,20480,35,580,115,1250000,2.0,100,,245,90,115,85,187.0,2,1
0.5,1.0,1.0,4.0,1.0,0.5,0.5,1.0,1.0,1.0,0.0,1.0,1.0,1.0,1.0,2.0,0.5,0.5,30,5120,70,270,30,1000000,0.6,40,50.0,278,55,30,85,9.5,3,0
1.0,1.0,1.0,0.5,0.5,0.5,2.0,2.0,1.0,0.25,1.0,2.0,1.0,1.0,2.0,1.0,1.0,0.5,100,5120,70,625,123,1059860,2.0,80,88.1,3,122,120,80,100.0,1,0
0.5,1.0,1.0,2.0,1.0,1.0,1.0,1.0,0.0,0.5,0.0,2.0,1.0,1.0,1.0,2.0,1.0,1.0,55,3840,70,270,30,1059860,0.3,40,50.0,276,30,30,85,2.3,3,0
0.5,0.5,0.0,1.0,1.0,0.5,1.0,1.0,1.0,1.0,1.0,1.0,1.0,2.0,1.0,1.0,2.0,1.0,80,5120,70,300,50,800000,0.6,60,24.6,209,40,40,30,7.8,2,0
1.0,1.0,1.0,2.0,1.0,1.0,0.5,1.0,1.0,2.0,1.0,0.5,1.0,1.0,1.0,1.0,0.5,0.5,48,5120,70,314,65,1059860,0.5,44,88.1,7,50,64,43,9.0,1,0
1.0,1.0,1.0,1.0,1.0,0.5,2.0,2.0,1.0,0.5,0.5,1.0,1.0,1.0,1.0,2.0,1.0,1.0,47,3840,70,430,75,1640000,0.6,65,0.0,314,73,85,85,17.7,3,0
0.5,2.0,1.0,1.0,1.0,0.0,1.0,1.0,2.0,1.0,1.0,1.0,0.0,0.5,1.0,1.0,1.0,1.0,50,6400,70,483,145,1000000,1.7,58,50.0,563,95,105,30,76.5,5,0
0.5,0.5,0.0,0.5,1.0,0.5,1.0,0.5,1.0,1.0,2.0,1.0,1.0,2.0,1.0,1.0,1.0,1.0,58,5120,70,431,57,1000000,0.2,67,50.0,702,81,67,101,2.2,6,0
1.0,1.0,1.0,0.5,1.0,1.0,1.0,0.5,1.0,1.0,2.0,1.0,1.0,1.0,1.0,1.0,0.5,1.0,85,20480,35,580,75,1250000,1.9,90,,243,115,100,115,178.0,2,1
1.0,1.0,1.0,2.0,1.0,1.0,0.5,1.0,1.0,2.0,1.0,0.5,1.0,1.0,1.0,1.0,0.5,0.5,65,5120,70,385,65,1059860,1.0,65,50.0,61,50,50,90,20.0,1,0
0.5,1.0,0.5,0.0,0.5,2.0,2.0,0.5,1.0,1.0,2.0,1.0,0.5,0.0,0.5,0.25,0.5,2.0,135,5120,70,508,60,1000000,0.7,110,50.0,530,50,65,88,40.4,5,0
0.5,1.0,1.0,0.0,0.5,1.0,0.5,1.0,1.0,1.0,2.0,1.0,1.0,0.5,1.0,1.0,0.5,4.0,120,5120,70,560,100,1000000,1.9,70,50.0,323,145,105,20,220.0,3,0
2.0,0.5,1.0,1.0,2.0,2.0,1.0,1.0,0.5,1.0,1.0,1.0,1.0,1.0,0.0,1.0,1.0,1.0,55,3840,70,220,35,1000000,0.5,35,50.0,261,30,30,35,13.6,3,0
0.5,0.5,0.0,1.0,1.0,1.0,1.0,1.0,0.0,1.0,1.0,1.0,1.0,2.0,1.0,1.0,2.0,1.0,45,2560,70,270,20,800000,0.5,115,24.6,39,45,25,20,5.5,1,0
1.0,1.0,1.0,1.0,1.0,2.0,2.0,1.0,1.0,1.0,1.0,0.5,1.0,1.0,1.0,2.0,2.0,1.0,117,5120,70,514,184,1000000,2.0,95,50.0,713,44,46,28,505.0,6,0
0.5,1.0,1.0,1.0,0.5,0.25,2.0,2.0,1.0,0.25,1.0,1.0,1.0,0.5,2.0,2.0,1.0,1.0,50,5120,70,330,90,1250000,0.8,40,50.0,451,30,55,65,12.0,4,0
0.5,1.0,1.0,2.0,1.0,1.0,1.0,1.0,0.0,0.5,0.0,2.0,1.0,1.0,1.0,2.0,1.0,1.0,55,3840,70,264,50,1059860,0.3,50,50.0,519,36,30,43,2.1,5,0
0.5,1.0,2.0,0.5,1.0,0.5,0.5,1.0,1.0,0.25,2.0,2.0,1.0,0.5,2.0,1.0,1.0,0.5,75,5120,70,494,90,1000000,1.8,65,50.0,691,97,123,44,81.5,6,0
1.0,1.0,1.0,1.0,1.0,0.5,2.0,2.0,1.0,0.25,0.0,4.0,1.0,2.0,1.0,2.0,1.0,0.5,35,5120,70,250,40,1059860,0.4,35,50.0,187,35,55,50,0.5,2,0
1.0,0.5,1.0,2.0,2.0,1.0,1.0,1.0,0.5,0.5,0.0,2.0,1.0,1.0,0.0,2.0,1.0,1.0,85,5120,35,405,42,1059860,0.5,60,50.0,198,85,42,91,2.1,2,0
1.0,1.0,1.0,2.0,1.0,1.0,0.5,1.0,1.0,2.0,1.0,0.5,1.0,1.0,1.0,1.0,0.5,0.5,60,3840,70,410,130,800000,0.3,55,50.0,771,30,130,5,1.2,7,0
0.5,1.0,1.0,2.0,1.0,1.0,0.5,0.5,1.0,1.0,0.0,2.0,0.5,0.5,1.0,2.0,2.0,2.0,135,8960,70,615,85,1250000,1.8,80,88.1,142,70,95,150,59.0,1,0
0.25,0.5,1.0,1.0,1.0,1.0,0.5,2.0,1.0,0.5,2.0,0.5,1.0,1.0,2.0,1.0,0.5,2.0,123,5120,70,528,65,1059860,1.6,110,88.1,500,100,65,65,150.0,5,0
0.5,0.5,0.0,1.0,1.0,1.0,1.0,1.0,0.0,1.0,1.0,1.0,1.0,2.0,1.0,1.0,2.0,1.0,20,2560,70,190,40,800000,0.2,50,24.6,298,20,40,20,2.0,3,0
0.5,1.0,1.0,2.0,1.0,0.25,2.0,2.0,1.0,0.25,0.0,2.0,1.0,1.0,1.0,4.0,1.0,1.0,60,3840,70,454,62,1000000,0.8,70,50.0,284,100,82,80,3.6,3,0
1.0,1.0,1.0,1.0,1.0,2.0,0.5,0.5,1.0,2.0,2.0,1.0,0.5,0.5,1.0,1.0,2.0,2.0,80,5120,70,290,95,1000000,0.5,50,50.0,438,10,45,10,15.0,4,0
1.0,1.0,0.0,1.0,1.0,0.25,1.0,1.0,2.0,1.0,1.0,1.0,1.0,2.0,0.5,1.0,2.0,1.0,85,3840,70,570,75,1250000,1.2,70,,786,130,115,95,18.6,7,1
2.0,1.0,1.0,0.5,1.0,1.0,2.0,2.0,1.0,0.5,0.5,2.0,1.0,2.0,1.0,1.0,1.0,0.5,68,5120,70,318,64,1059860,0.4,55,88.1,387,45,55,31,10.2,4,0
0.5,1.0,1.0,1.0,0.5,1.0,0.5,1.0,1.0,0.5,2.0,0.5,1.0,1.0,1.0,2.0,0.5,2.0,100,5120,70,500,70,1000000,1.7,65,50.0,78,80,80,105,95.0,1,0
0.5,0.5,1.0,1.0,2.0,0.5,2.0,4.0,1.0,0.5,0.5,1.0,1.0,1.0,2.0,1.0,1.0,1.0,185,6400,70,600,115,1250000,1.5,80,50.0,214,40,105,75,54.0,2,0
1.0,1.0,1.0,2.0,1.0,2.0,0.25,0.5,1.0,4.0,2.0,0.5,0.5,0.5,1.0,1.0,1.0,1.0,115,7680,70,495,105,1000000,1.3,60,88.1,141,65,70,80,40.5,1,0
2.0,1.0,1.0,0.5,1.0,2.0,1.0,1.0,1.0,1.0,1.0,2.0,0.5,1.0,1.0,1.0,2.0,1.0,81,7680,70,495,97,600000,1.5,86,88.1,346,81,107,43,60.4,3,0
2.0,0.5,1.0,0.0,2.0,2.0,1.0,1.0,0.5,2.0,1.0,2.0,1.0,0.5,0.0,0.5,1.0,2.0,72,5120,70,292,35,1059860,0.7,50,50.0,551,35,35,65,15.2,5,0
2.0,2.0,1.0,1.0,1.0,0.5,1.0,1.0,2.0,1.0,1.0,1.0,1.0,1.0,0.5,1.0,1.0,1.0,73,5120,70,483,70,1000000,1.6,85,50.0,97,73,115,67,75.6,1,0
0.5,1.0,1.0,1.0,0.5,1.0,0.5,1.0,1.0,0.5,2.0,0.5,1.0,1.0,1.0,2.0,0.5,2.0,52,5120,70,309,43,1059860,0.5,39,88.1,155,60,50,65,7.9,2,0
2.0,2.0,1.0,2.0,1.0,0.5,0.5,1.0,2.0,2.0,1.0,0.5,1.0,1.0,0.5,1.0,0.5,0.5,75,5120,70,590,180,1000000,1.6,95,50.0,80,130,80,30,78.5,1,0
1.0,1.0,1.0,0.0,1.0,2.0,2.0,1.0,1.0,2.0,1.0,1.0,1.0,0.5,1.0,1.0,2.0,2.0,130,5120,70,530,80,1250000,2.5,110,50.0,473,70,60,80,291.0,4,0
1.0,1.0,2.0,0.5,2.0,2.0,0.5,1.0,0.0,0.5,1.0,2.0,1.0,1.0,1.0,1.0,1.0,0.5,60,5120,70,485,85,1000000,3.0,78,50.0,780,135,91,36,185.0,7,0
2.0,1.0,1.0,0.5,1.0,1.0,2.0,2.0,1.0,0.5,0.5,2.0,1.0,2.0,1.0,1.0,1.0,0.5,60,5120,70,480,75,1000000,1.1,70,0.0,549,110,75,90,16.3,5,0
2.0,2.0,1.0,1.0,1.0,0.5,1.0,1.0,2.0,1.0,1.0,1.0,1.0,1.0,0.5,1.0,1.0,1.0,48,5120,70,355,54,1000000,0.3,62,50.0,677,63,60,68,3.5,6,0
1.0,1.0,1.0,1.0,1.0,2.0,1.0,1.0,0.0,1.0,1.0,1.0,1.0,1.0,1.0,1.0,1.0,1.0,115,5120,70,458,60,600000,1.3,73,50.0,335,60,60,90,40.3,3,0
1.0,1.0,1.0,2.0,1.0,0.5,1.0,2.0,1.0,1.0,0.5,0.5,1.0,1.0,1.0,2.0,0.5,0.5,30,3840,70,269,32,1000000,0.5,40,50.0,283,50,52,65,1.7,3,0
0.5,0.5,1.0,1.0,2.0,2.0,1.0,2.0,0.0,1.0,1.0,1.0,1.0,1.0,2.0,0.5,1.0,1.0,125,3840,70,500,80,1000000,2.1,120,50.0,760,55,60,60,135.0,7,0
4.0,2.0,1.0,0.5,1.0,0.5,2.0,2.0,2.0,0.5,0.5,2.0,1.0,2.0,0.5,1.0,1.0,0.5,100,30720,100,600,100,1059860,0.6,100,,251,100,100,100,5.0,2,1
0.5,1.0,1.0,1.0,0.5,1.0,0.5,1.0,1.0,0.5,2.0,0.5,1.0,1.0,1.0,2.0,0.5,2.0,85,5120,70,470,140,1000000,0.5,70,50.0,324,85,70,20,80.4,3,0
0.25,0.5,1.0,1.0,1.0,0.5,1.0,2.0,1.0,0.5,2.0,1.0,1.0,0.5,4.0,0.5,1.0,1.0,61,2560,100,300,40,1000000,0.7,48,50.0,453,61,40,50,23.0,4,0
0.5,1.0,0.5,0.5,0.5,2.0,2.0,0.25,1.0,0.5,4.0,0.5,0.5,0.0,0.5,0.5,0.25,1.0,70,5120,70,535,115,1000000,1.2,70,,462,130,90,60,180.0,4,0
1.0,1.0,1.0,0.0,1.0,1.0,0.5,1.0,1.0,4.0,1.0,1.0,1.0,0.5,1.0,0.5,0.5,1.0,48,5120,70,288,43,1000000,0.4,50,50.0,339,46,41,60,1.9,3,0
1.0,1.0,1.0,1.0,1.0,2.0,1.0,1.0,0.0,1.0,1.0,1.0,1.0,1.0,1.0,1.0,1.0,1.0,100,5120,70,490,95,1250000,1.4,75,100.0,128,40,70,110,88.4,1,0
0.5,0.5,1.0,1.0,2.0,1.0,1.0,2.0,1.0,1.0,1.0,1.0,1.0,1.0,2.0,0.5,1.0,1.0,125,5120,70,465,75,1000000,1.4,75,100.0,539,30,75,85,51.0,5,0
1.0,1.0,1.0,0.5,0.5,0.5,2.0,2.0,1.0,0.25,1.0,2.0,1.0,1.0,2.0,1.0,1.0,0.5,75,5120,70,300,35,1059860,0.7,50,50.0,69,70,30,40,4.0,1,0
1.0,1.0,1.0,1.0,1.0,2.0,2.0,1.0,1.0,1.0,1.0,0.5,1.0,1.0,1.0,2.0,2.0,1.0,120,5120,70,580,80,1000000,1.5,80,50.0,362,120,80,100,256.5,3,0
1.0,1.0,1.0,1.0,1.0,2.0,1.0,1.0,0.0,1.0,1.0,1.0,1.0,1.0,1.0,1.0,1.0,1.0,55,5120,70,310,42,800000,0.5,49,24.6,431,42,37,85,3.9,4,0
2.0,2.0,1.0,1.0,1.0,0.5,1.0,1.0,2.0,1.0,1.0,1.0,1.0,1.0,0.5,1.0,1.0,1.0,45,5120,70,470,65,800000,0.9,80,50.0,326,90,110,80,71.5,3,0
0.5,1.0,1.0,2.0,0.5,0.5,0.5,1.0,1.0,1.0,2.0,0.5,1.0,0.5,2.0,1.0,0.5,0.5,70,5120,70,515,65,1250000,1.6,80,50.0,73,80,120,100,55.0,1,0
0.5,1.0,1.0,0.0,0.5,0.5,1.0,1.0,1.0,1.0,2.0,2.0,1.0,0.25,2.0,0.5,1.0,2.0,92,5120,70,505,87,1059860,1.3,90,0.0,31,75,85,76,60.0,1,0
1.0,1.0,1.0,1.0,1.0,2.0,1.0,1.0,0.0,1.0,1.0,1.0,1.0,1.0,1.0,1.0,1.0,1.0,55,8960,70,325,50,1000000,0.3,55,88.1,133,45,65,55,6.5,1,0
0.5,1.0,1.0,1.0,0.5,1.0,0.5,1.0,1.0,0.5,2.0,0.5,1.0,1.0,1.0,2.0,0.5,2.0,75,6400,70,365,37,1000000,0.7,45,75.4,240,70,55,83,21.4,2,0
0.5,1.0,1.0,0.0,0.5,1.0,0.5,1.0,1.0,1.0,2.0,1.0,1.0,0.5,1.0,1.0,0.5,4.0,60,5120,70,305,40,1000000,0.7,60,50.0,322,65,45,35,24.0,3,0
0.5,0.5,0.0,2.0,1.0,0.5,0.5,1.0,1.0,2.0,1.0,0.5,1.0,2.0,1.0,1.0,1.0,0.5,20,2560,70,250,50,800000,0.4,70,50.0,183,20,50,40,8.5,2,0
0.5,1.0,2.0,1.0,2.0,0.5,0.5,1.0,1.0,0.25,0.0,4.0,1.0,1.0,1.0,2.0,1.0,0.5,110,5120,70,590,110,600000,1.1,75,50.0,334,110,105,80,20.6,3,0
0.5,0.5,1.0,2.0,2.0,1.0,0.5,2.0,1.0,2.0,1.0,0.5,1.0,1.0,2.0,0.5,0.5,0.5,72,20480,35,580,90,1250000,1.4,91,,647,129,90,108,48.5,5,1
0.5,2.0,1.0,1.0,1.0,0.0,1.0,1.0,2.0,1.0,1.0,1.0,0.0,0.5,1.0,1.0,1.0,1.0,60,6400,35,435,60,800000,0.7,60,50.0,200,85,85,85,1.0,2,0
1.0,1.0,1.0,0.5,1.0,1.0,1.0,0.5,1.0,1.0,2.0,1.0,1.0,1.0,1.0,1.0,0.5,1.0,40,5120,70,280,40,1059860,0.6,55,50.0,179,65,45,35,7.8,2,0
0.25,0.5,1.0,1.0,1.0,0.5,1.0,2.0,1.0,0.5,2.0,1.0,1.0,0.5,4.0,0.5,1.0,1.0,106,5120,70,490,65,1000000,1.3,83,50.0,454,86,65,85,44.4,4,0
2.0,1.0,1.0,0.5,1.0,2.0,1.0,1.0,1.0,1.0,1.0,2.0,0.5,1.0,1.0,1.0,2.0,1.0,41,7680,70,355,77,600000,1.0,66,88.1,345,61,87,23,23.8,3,0
2.0,2.0,1.0,1.0,1.0,0.5,1.0,1.0,2.0,1.0,1.0,1.0,1.0,1.0,0.5,1.0,1.0,1.0,75,5120,70,485,75,1000000,1.0,75,50.0,606,125,95,40,34.5,5,0
0.5,0.5,1.0,1.0,2.0,1.0,1.0,2.0,1.0,1.0,1.0,1.0,1.0,1.0,2.0,0.5,1.0,1.0,80,5120,70,305,35,1000000,0.5,40,50.0,56,35,45,70,28.0,1,0
0.5,1.0,1.0,1.0,0.5,0.5,1.0,1.0,1.0,0.5,2.0,1.0,1.0,0.5,2.0,1.0,1.0,1.0,60,5120,70,288,44,1000000,2.0,35,50.0,23,40,54,55,6.9,1,0
0.5,0.5,1.0,1.0,2.0,1.0,1.0,2.0,1.0,1.0,1.0,1.0,1.0,1.0,2.0,0.5,1.0,1.0,120,5120,70,474,60,1640000,2.3,144,75.4,297,40,60,50,253.8,3,0
1.0,1.0,1.0,0.5,1.0,1.0,1.0,0.5,1.0,1.0,2.0,1.0,1.0,1.0,1.0,1.0,0.5,1.0,123,6400,70,540,67,1000000,1.8,75,75.4,466,95,85,95,138.6,4,0
1.0,1.0,1.0,0.5,1.0,1.0,1.0,0.5,1.0,1.0,2.0,1.0,1.0,1.0,1.0,1.0,0.5,1.0,95,5120,70,610,105,1059860,1.4,90,50.0,181,165,110,45,61.5,2,0
1.0,1.0,1.0,2.0,1.0,2.0,0.25,0.5,1.0,4.0,2.0,0.5,0.5,0.5,1.0,1.0,1.0,1.0,90,10240,70,485,130,1250000,1.0,100,88.1,369,45,65,55,23.4,3,0
0.5,1.0,1.0,1.0,0.5,2.0,0.25,0.5,1.0,1.0,4.0,0.5,0.5,0.5,1.0,2.0,1.0,4.0,50,5120,70,430,120,1000000,0.8,60,50.0,219,90,80,30,55.0,2,0
2.0,1.0,1.0,0.5,1.0,1.0,2.0,2.0,1.0,0.5,0.5,2.0,1.0,2.0,1.0,1.0,1.0,0.5,100,6400,70,454,72,1250000,1.4,74,50.0,455,90,72,46,27.0,4,0
1.0,0.5,1.0,1.0,1.0,2.0,0.5,1.0,0.5,0.5,2.0,0.5,1.0,1.0,0.0,2.0,0.5,2.0,90,5120,35,600,90,1250000,1.4,75,50.0,229,140,90,115,35.0,2,0
1.0,1.0,1.0,1.0,1.0,2.0,1.0,1.0,0.0,1.0,1.0,1.0,1.0,1.0,1.0,1.0,1.0,1.0,65,3840,70,400,65,800000,1.1,70,24.6,301,55,55,90,32.6,3,0
0.5,1.0,1.0,2.0,1.0,1.0,0.5,0.5,1.0,1.0,0.0,2.0,0.5,0.5,1.0,2.0,2.0,2.0,100,6400,70,500,60,1059860,0.3,60,,774,100,60,120,40.0,7,0
1.0,1.0,1.0,0.0,1.0,1.0,1.0,1.0,1.0,2.0,1.0,2.0,1.0,0.5,1.0,0.5,1.0,2.0,112,7680,70,525,118,1250000,2.0,108,50.0,450,68,72,47,300.0,4,0
1.0,1.0,1.0,1.0,1.0,2.0,1.0,1.0,0.0,1.0,1.0,1.0,1.0,1.0,1.0,1.0,1.0,1.0,80,5120,70,515,90,1000000,0.6,85,,233,105,95,60,32.5,2,0
1.0,0.5,1.0,2.0,2.0,1.0,1.0,1.0,0.5,0.5,0.0,2.0,1.0,1.0,0.0,2.0,1.0,1.0,131,30720,0,680,95,1250000,5.8,126,,717,131,98,99,203.0,6,1
1.0,1.0,1.0,0.0,1.0,2.0,0.5,0.5,1.0,4.0,2.0,2.0,0.5,0.25,1.0,0.5,2.0,4.0,84,10240,35,410,70,1250000,1.2,70,50.0,247,65,70,51,152.0,2,0
0.25,1.0,1.0,2.0,0.5,0.25,1.0,1.0,1.0,0.25,0.0,2.0,1.0,0.5,2.0,2.0,1.0,1.0,90,3840,70,535,80,1000000,1.8,85,50.0,169,70,80,130,75.0,2,0
0.5,1.0,1.0,2.0,1.0,1.0,1.0,1.0,0.0,0.5,0.0,2.0,1.0,1.0,1.0,2.0,1.0,1.0,85,3840,70,455,60,1059860,0.7,60,50.0,277,75,50,125,19.8,3,0
2.0,1.0,1.0,0.5,1.0,1.0,2.0,2.0,1.0,0.5,0.5,2.0,1.0,2.0,1.0,1.0,1.0,0.5,80,5120,70,490,95,1059860,0.4,75,50.0,182,90,100,50,5.8,2,0
1.0,1.0,1.0,1.0,1.0,1.0,1.0,1.0,1.0,1.0,1.0,1.0,0.5,0.5,1.0,2.0,2.0,2.0,105,5120,70,485,125,1000000,1.4,70,50.0,558,65,75,45,200.0,5,0
1.0,1.0,1.0,2.0,1.0,0.5,1.0,2.0,1.0,1.0,0.5,0.5,1.0,1.0,1.0,2.0,0.5,0.5,70,3840,70,454,92,1000000,1.8,68,50.0,752,50,132,42,82.0,7,0
0.5,1.0,1.0,1.0,0.5,0.5,1.0,1.0,1.0,0.5,2.0,1.0,1.0,0.5,2.0,1.0,1.0,1.0,57,5120,70,273,40,1059860,0.5,46,100.0,32,40,40,50,9.0,1,0
1.0,1.0,1.0,2.0,1.0,1.0,0.5,1.0,1.0,2.0,1.0,0.5,1.0,1.0,1.0,1.0,0.5,0.5,64,5120,70,345,85,600000,0.4,35,50.0,366,74,55,32,52.5,3,0
2.0,0.5,1.0,1.0,2.0,2.0,1.0,1.0,0.5,1.0,1.0,1.0,1.0,1.0,0.0,1.0,1.0,1.0,90,3840,70,420,70,1000000,1.0,70,50.0,262,60,60,70,37.0,3,0
1.0,1.0,1.0,1.0,1.0,2.0,2.0,1.0,1.0,1.0,1.0,0.5,1.0,1.0,1.0,2.0,2.0,1.0,50,20480,35,580,100,1250000,1.8,80,,378,100,200,50,175.0,3,1
1.0,1.0,2.0,0.25,2.0,1.0,0.5,0.5,1.0,0.5,2.0,2.0,1.0,1.0,1.0,1.0,0.5,0.5,150,30720,0,680,120,1250000,2.9,100,,644,120,100,90,345.0,5,1
0.5,1.0,0.5,0.5,0.5,2.0,2.0,0.25,1.0,0.5,4.0,0.5,0.5,0.0,0.5,0.5,0.25,1.0,98,2560,70,435,63,1000000,0.3,65,50.0,777,40,73,96,3.3,7,0
2.0,1.0,1.0,1.0,1.0,1.0,1.0,2.0,1.0,1.0,0.5,1.0,1.0,2.0,1.0,1.0,0.5,0.25,70,3840,70,480,70,1059860,1.5,80,50.0,272,90,100,70,55.0,3,0
1.0,1.0,1.0,1.0,1.0,2.0,1.0,1.0,0.0,1.0,1.0,1.0,1.0,1.0,1.0,1.0,1.0,1.0,20,5120,70,250,35,800000,1.2,55,50.0,235,20,45,75,58.0,2,0
0.5,1.0,1.0,1.0,0.5,1.0,0.5,1.0,1.0,0.5,2.0,0.5,1.0,1.0,1.0,2.0,0.5,2.0,115,20480,35,580,85,1250000,2.1,115,,244,90,75,100,198.0,2,1
0.5,1.0,1.0,1.0,0.5,0.5,1.0,1.0,1.0,0.5,2.0,1.0,1.0,0.5,2.0,1.0,1.0,1.0,90,5120,70,490,120,1000000,1.2,65,50.0,110,85,70,60,9.5,1,0
1.0,1.0,0.0,1.0,1.0,0.25,1.0,1.0,2.0,1.0,1.0,1.0,1.0,2.0,0.5,1.0,2.0,1.0,25,6400,70,310,45,1000000,0.6,20,50.0,439,70,90,60,13.0,4,0
1.0,1.0,1.0,0.0,1.0,1.0,0.5,1.0,1.0,4.0,1.0,1.0,1.0,0.5,1.0,0.5,0.5,1.0,150,5120,70,635,110,1059860,1.5,100,88.1,260,95,110,70,81.9,3,0
0.25,2.0,1.0,2.0,1.0,0.0,1.0,1.0,2.0,0.5,0.0,2.0,0.0,0.5,1.0,2.0,1.0,1.0,80,7680,70,498,44,1640000,1.2,150,50.0,426,90,54,80,15.0,4,0
2.0,0.5,2.0,0.5,4.0,2.0,0.5,1.0,0.5,0.5,1.0,2.0,1.0,1.0,0.0,1.0,1.0,0.5,101,30720,0,570,53,1250000,5.5,223,,799,97,53,43,888.0,7,1
1.0,1.0,1.0,2.0,1.0,1.0,0.5,1.0,1.0,2.0,1.0,0.5,1.0,1.0,1.0,1.0,0.5,0.5,65,5120,70,330,35,1000000,0.7,55,50.0,418,60,30,85,29.5,4,0
2.0,1.0,1.0,0.5,1.0,1.0,2.0,2.0,1.0,0.5,0.5,2.0,1.0,2.0,1.0,1.0,1.0,0.5,85,5120,35,335,40,1059860,0.4,50,50.0,331,85,40,35,51.3,3,0
1.0,1.0,1.0,0.0,1.0,2.0,0.5,0.5,1.0,4.0,2.0,2.0,0.5,0.25,1.0,0.5,2.0,4.0,45,6400,70,385,160,1000000,8.8,35,50.0,95,30,45,70,210.0,1,0
0.5,1.0,1.0,1.0,0.5,1.0,0.5,1.0,1.0,0.5,2.0,0.5,1.0,1.0,1.0,2.0,0.5,2.0,45,5120,70,307,40,1059860,0.4,40,88.1,653,62,60,60,9.4,6,0
1.0,1.0,1.0,1.0,1.0,2.0,1.0,1.0,0.0,1.0,1.0,1.0,1.0,1.0,1.0,1.0,1.0,1.0,95,30720,0,534,95,1250000,1.9,95,,772,95,95,59,120.5,7,0
0.25,1.0,0.5,2.0,0.5,1.0,2.0,0.5,1.0,0.25,0.0,1.0,0.5,0.0,0.5,1.0,0.5,1.0,101,30720,0,570,103,1250000,9.2,97,,797,107,101,61,999.9,7,1
1.0,1.0,1.0,0.0,1.0,1.0,1.0,1.0,1.0,2.0,1.0,2.0,1.0,0.5,1.0,0.5,1.0,2.0,55,5120,70,265,30,1000000,,10,50.0,50,35,45,90,,1,0
0.5,1.0,1.0,1.0,0.5,0.5,1.0,2.0,1.0,0.25,1.0,0.5,1.0,1.0,1.0,4.0,0.5,2.0,60,10240,70,550,65,1250000,1.6,85,50.0,637,135,105,100,46.0,5,0
0.5,1.0,1.0,2.0,1.0,1.0,1.0,1.0,0.0,0.5,0.0,2.0,1.0,1.0,1.0,2.0,1.0,1.0,75,3840,70,340,50,1059860,0.6,55,50.0,397,40,40,80,15.5,4,0
0.5,1.0,1.0,1.0,0.5,1.0,0.5,1.0,1.0,0.5,2.0,0.5,1.0,1.0,1.0,2.0,0.5,2.0,30,5120,70,540,105,1059860,1.3,105,50.0,555,140,105,55,92.9,5,0
2.0,2.0,1.0,1.0,1.0,0.5,1.0,1.0,2.0,1.0,1.0,1.0,1.0,1.0,0.5,1.0,1.0,1.0,45,5120,70,390,70,1059860,0.7,60,24.6,575,75,85,55,18.0,5,0
1.0,1.0,1.0,2.0,1.0,1.0,0.5,1.0,1.0,2.0,1.0,0.5,1.0,1.0,1.0,1.0,0.5,0.5,65,5120,70,305,100,1250000,0.3,30,50.0,90,45,25,40,4.0,1,0
1.0,1.0,1.0,0.5,1.0,1.0,1.0,0.5,1.0,1.0,2.0,1.0,1.0,1.0,1.0,1.0,0.5,1.0,55,5120,70,365,55,1059860,0.8,70,50.0,180,80,60,45,13.3,2,0
0.5,1.0,1.0,2.0,1.0,1.0,0.5,0.5,1.0,1.0,0.0,2.0,0.5,0.5,1.0,2.0,2.0,2.0,112,7680,70,401,45,1000000,0.5,55,88.1,566,74,45,70,9.5,5,0
1.0,1.0,1.0,1.0,1.0,0.5,2.0,2.0,1.0,0.25,0.0,4.0,1.0,2.0,1.0,2.0,1.0,0.5,45,5120,70,340,50,1059860,0.6,55,50.0,188,45,65,80,1.0,2,0
2.0,0.5,2.0,0.5,4.0,2.0,0.5,1.0,0.5,0.5,1.0,2.0,1.0,1.0,0.0,1.0,1.0,0.5,85,10240,35,420,70,1250000,1.4,72,50.0,634,65,70,58,50.0,5,0
0.5,1.0,1.0,0.5,1.0,2.0,1.0,0.5,1.0,0.25,2.0,1.0,0.5,0.0,0.5,0.5,0.5,0.5,120,30720,0,680,120,1250000,5.4,100,,483,150,100,90,683.0,4,1
2.0,1.0,1.0,0.5,1.0,1.0,2.0,2.0,1.0,0.5,0.5,2.0,1.0,2.0,1.0,1.0,1.0,0.5,78,5120,70,405,95,1059860,0.7,61,88.1,651,56,58,57,29.0,6,0
2.0,1.0,1.0,0.5,1.0,1.0,2.0,2.0,1.0,0.5,0.5,2.0,1.0,2.0,1.0,1.0,1.0,0.5,103,30720,100,600,75,1059860,0.2,100,,492,120,75,127,2.1,4,1
1.0,1.0,1.0,2.0,1.0,1.0,0.5,1.0,1.0,2.0,1.0,0.5,1.0,1.0,1.0,1.0,0.5,0.5,67,5120,70,320,60,1000000,0.6,45,50.0,118,35,50,63,15.0,1,0
2.0,0.5,1.0,0.0,2.0,2.0,1.0,1.0,0.5,2.0,1.0,2.0,1.0,0.5,0.0,0.5,1.0,2.0,82,5120,70,351,45,1059860,1.0,60,50.0,552,45,45,74,33.4,5,0
2.0,1.0,1.0,0.5,1.0,2.0,2.0,2.0,0.0,0.5,0.5,2.0,1.0,2.0,1.0,1.0,1.0,0.5,60,5120,70,335,50,1000000,0.6,60,50.0,585,40,50,75,19.5,5,0
1.0,1.0,1.0,1.0,1.0,2.0,1.0,1.0,0.0,1.0,1.0,1.0,1.0,1.0,1.0,1.0,1.0,1.0,56,3840,70,253,35,1000000,,30,50.0,19,25,35,72,,1,0
0.5,1.0,1.0,1.0,0.5,0.5,1.0,1.0,1.0,0.5,2.0,1.0,1.0,0.5,2.0,1.0,1.0,1.0,105,5120,70,500,75,1000000,,105,50.0,89,65,100,50,,1,0
1.0,1.0,1.0,1.0,1.0,2.0,1.0,1.0,0.0,1.0,1.0,1.0,1.0,1.0,1.0,1.0,1.0,1.0,48,5120,70,288,48,1000000,0.3,48,,132,48,48,48,4.0,1,0
0.5,1.0,1.0,1.0,0.5,0.5,1.0,1.0,1.0,0.5,2.0,1.0,1.0,0.5,2.0,1.0,1.0,1.0,95,5120,70,474,82,1000000,1.9,80,50.0,569,60,82,75,107.3,5,0
1.0,1.0,1.0,1.0,1.0,0.5,2.0,2.0,1.0,0.25,0.0,4.0,1.0,2.0,1.0,2.0,1.0,0.5,75,3840,70,420,75,1059860,0.7,78,88.1,723,70,70,52,16.0,7,0
0.5,0.5,1.0,1.0,2.0,1.0,1.0,2.0,1.0,1.0,1.0,1.0,1.0,1.0,2.0,0.5,1.0,1.0,95,6400,70,455,95,1000000,1.4,50,100.0,237,35,110,70,48.0,2,0
1.0,1.0,1.0,0.0,1.0,1.0,0.5,1.0,1.0,4.0,1.0,1.0,1.0,0.5,1.0,0.5,0.5,1.0,45,5120,70,210,45,1000000,0.4,55,50.0,194,25,25,15,8.5,2,0
1.0,0.5,0.5,1.0,1.0,4.0,2.0,0.5,0.5,0.5,2.0,0.5,0.5,0.0,0.0,0.5,0.5,1.0,85,5120,35,340,70,1000000,0.5,45,50.0,624,40,40,60,10.2,5,0
0.5,0.5,0.0,1.0,1.0,0.5,1.0,1.0,1.0,1.0,1.0,1.0,1.0,2.0,1.0,1.0,2.0,1.0,48,5120,70,341,66,1000000,0.4,62,50.0,684,59,57,49,3.5,6,0
0.5,0.5,2.0,0.5,4.0,1.0,0.5,2.0,1.0,0.5,1.0,2.0,1.0,1.0,2.0,0.5,1.0,0.5,75,10240,70,420,90,1250000,1.2,55,50.0,783,65,70,65,47.0,7,0
1.0,1.0,1.0,1.0,1.0,0.5,2.0,2.0,1.0,0.5,0.5,1.0,1.0,1.0,1.0,2.0,1.0,1.0,62,3840,70,300,45,1000000,0.4,47,50.0,736,55,45,46,4.4,7,0
1.0,1.0,1.0,1.0,1.0,2.0,0.5,0.5,1.0,2.0,2.0,1.0,0.5,0.5,1.0,1.0,2.0,2.0,100,5120,70,410,115,1000000,1.2,70,50.0,185,30,65,30,38.0,2,0
1.0,1.0,1.0,2.0,1.0,1.0,0.5,1.0,1.0,2.0,1.0,0.5,1.0,1.0,1.0,1.0,0.5,0.5,75,5120,70,500,75,1059860,1.1,90,50.0,186,90,100,70,33.9,2,0
0.5,1.0,1.0,1.0,0.5,1.0,0.5,1.0,1.0,0.5,2.0,0.5,1.0,1.0,1.0,2.0,0.5,2.0,95,6400,70,540,67,1000000,1.6,75,75.4,467,125,95,83,68.0,4,0
0.25,2.0,1.0,1.0,0.5,0.0,0.5,1.0,2.0,0.5,2.0,0.5,0.0,0.5,1.0,2.0,0.5,2.0,30,5120,70,275,55,1059860,0.3,50,50.0,607,65,55,20,3.1,5,0
0.5,1.0,0.5,1.0,0.5,4.0,1.0,0.25,1.0,1.0,4.0,0.5,0.25,0.0,0.5,0.5,1.0,2.0,42,7680,70,350,118,600000,0.5,30,88.1,410,42,88,30,57.0,4,0
1.0,1.0,1.0,1.0,1.0,2.0,0.5,0.5,1.0,2.0,2.0,1.0,0.5,0.5,1.0,1.0,2.0,2.0,45,5120,70,375,135,1000000,1.0,30,50.0,299,45,90,30,97.0,3,0
0.5,1.0,1.0,4.0,1.0,0.5,0.5,1.0,1.0,1.0,0.0,1.0,1.0,1.0,1.0,2.0,0.5,0.5,44,5120,70,305,50,1000000,0.5,62,50.0,580,44,50,55,5.5,5,0
1.0,1.0,1.0,0.5,1.0,1.0,1.0,0.5,1.0,1.0,2.0,1.0,1.0,1.0,1.0,1.0,0.5,1.0,65,5120,70,263,34,1059860,0.5,45,50.0,403,40,34,45,9.5,4,0
1.0,0.5,1.0,1.0,1.0,2.0,0.5,1.0,0.5,0.5,2.0,0.5,1.0,1.0,0.0,2.0,0.5,2.0,115,3840,70,530,90,1059860,1.8,95,88.1,727,80,90,60,83.0,7,0
1.0,1.0,1.0,2.0,1.0,2.0,1.0,1.0,1.0,2.0,1.0,0.25,1.0,1.0,1.0,2.0,1.0,0.5,95,5120,70,525,180,1250000,1.5,50,50.0,91,85,45,70,132.5,1,0
1.0,1.0,1.0,1.0,1.0,2.0,1.0,1.0,0.0,1.0,1.0,1.0,1.0,1.0,1.0,1.0,1.0,1.0,160,30720,0,670,110,1250000,3.7,110,,486,80,110,100,420.0,4,1
1.0,1.0,1.0,1.0,1.0,2.0,1.0,1.0,0.0,1.0,1.0,1.0,1.0,1.0,1.0,1.0,1.0,1.0,45,3840,70,250,40,1000000,0.5,59,50.0,399,35,40,31,20.0,4,0
0.5,0.5,0.0,1.0,1.0,0.25,2.0,2.0,1.0,0.5,0.5,1.0,1.0,2.0,1.0,2.0,2.0,1.0,45,5120,70,304,40,1000000,0.1,40,50.0,742,55,40,84,0.2,7,0
0.5,0.5,1.0,1.0,2.0,0.5,2.0,4.0,1.0,0.5,0.5,1.0,1.0,1.0,2.0,1.0,1.0,1.0,139,30720,0,570,139,1250000,2.4,107,,794,53,53,79,333.6,7,1
1.0,0.5,0.0,0.5,1.0,0.5,2.0,2.0,1.0,0.5,0.5,2.0,1.0,4.0,1.0,1.0,2.0,0.5,35,5120,70,285,55,1000000,0.2,40,50.0,755,65,75,15,1.5,7,0
0.25,0.5,0.0,1.0,0.5,1.0,2.0,0.5,1.0,0.5,2.0,0.5,0.5,0.0,0.5,0.5,1.0,1.0,105,5120,70,480,125,800000,0.6,50,50.0,303,55,95,50,11.5,3,0
0.5,1.0,2.0,0.5,1.0,1.0,0.25,1.0,1.0,0.25,2.0,1.0,1.0,1.0,1.0,2.0,0.5,1.0,120,30720,0,680,100,1250000,3.2,100,,643,150,120,90,330.0,5,1
0.5,1.0,1.0,1.0,0.5,1.0,0.5,1.0,1.0,0.5,2.0,0.5,1.0,1.0,1.0,2.0,0.5,2.0,85,5120,70,410,55,1000000,1.0,50,50.0,77,65,65,90,30.0,1,0
1.0,1.0,1.0,1.0,1.0,0.5,2.0,2.0,1.0,0.5,0.5,1.0,1.0,1.0,1.0,2.0,1.0,1.0,73,3840,70,430,75,600000,0.7,65,100.0,313,47,85,85,17.7,3,0
0.5,1.0,1.0,2.0,1.0,1.0,1.0,1.0,0.0,0.5,0.0,2.0,1.0,1.0,1.0,2.0,1.0,1.0,50,3840,70,278,43,1059860,0.3,45,50.0,661,40,38,62,1.7,6,0
1.0,1.0,1.0,2.0,1.0,1.0,0.5,1.0,1.0,2.0,1.0,0.5,1.0,1.0,1.0,1.0,0.5,0.5,56,5120,70,314,40,1059860,0.3,41,88.1,656,62,44,71,7.0,6,0
0.5,0.5,1.0,2.0,2.0,1.0,0.5,2.0,1.0,2.0,1.0,0.5,1.0,1.0,2.0,0.5,0.5,0.5,95,5120,70,510,95,1059860,1.3,90,50.0,62,70,90,70,54.0,1,0
1.0,1.0,1.0,0.0,1.0,2.0,0.5,0.5,1.0,4.0,2.0,2.0,0.5,0.25,1.0,0.5,2.0,4.0,80,3840,70,300,100,1059860,,40,50.0,74,30,30,20,,1,0
1.0,1.0,1.0,0.5,1.0,1.0,1.0,0.5,1.0,1.0,2.0,1.0,1.0,1.0,1.0,1.0,0.5,1.0,120,5120,70,523,79,1059860,1.4,80,50.0,405,95,79,70,42.0,4,0
1.0,1.0,1.0,1.0,1.0,0.5,2.0,2.0,1.0,0.5,0.5,1.0,1.0,1.0,1.0,2.0,1.0,1.0,35,3840,70,205,55,1000000,0.6,50,50.0,266,25,25,15,10.0,3,0
1.0,0.5,0.0,0.5,1.0,0.5,2.0,2.0,1.0,0.5,0.5,2.0,1.0,4.0,1.0,1.0,2.0,0.5,45,5120,70,405,80,1000000,1.0,60,50.0,756,90,100,30,11.5,7,0
1.0,1.0,1.0,2.0,1.0,1.0,0.5,1.0,1.0,2.0,1.0,0.5,1.0,1.0,1.0,1.0,0.5,0.5,65,5120,70,440,95,1000000,1.2,55,50.0,117,95,45,85,25.0,1,0
1.0,1.0,1.0,1.0,1.0,2.0,1.0,1.0,0.0,1.0,1.0,1.0,1.0,1.0,1.0,1.0,1.0,1.0,80,5120,70,472,60,1000000,1.2,75,50.0,676,65,90,102,28.0,6,0
1.0,1.0,1.0,1.0,1.0,0.5,2.0,2.0,1.0,0.25,0.0,4.0,1.0,2.0,1.0,2.0,1.0,0.5,55,3840,70,320,55,1059860,0.3,68,88.1,722,50,50,42,1.5,7,0
2.0,1.0,1.0,0.5,1.0,1.0,2.0,2.0,1.0,0.5,0.5,2.0,1.0,2.0,1.0,1.0,1.0,0.5,35,5120,70,275,45,1000000,0.4,45,50.0,420,62,53,35,3.3,4,0
0.5,1.0,1.0,1.0,0.5,1.0,0.5,1.0,1.0,0.5,2.0,0.5,1.0,1.0,1.0,2.0,0.5,2.0,67,5120,70,505,75,1000000,,73,24.6,38,81,100,109,,1,0
2.0,2.0,1.0,2.0,1.0,0.5,0.5,1.0,2.0,2.0,1.0,0.5,1.0,1.0,0.5,1.0,0.5,0.5,75,5120,70,490,80,1000000,2.0,95,50.0,199,100,110,30,79.5,2,0
0.5,0.5,2.0,0.5,4.0,1.0,0.5,2.0,1.0,0.5,1.0,2.0,1.0,1.0,2.0,0.5,1.0,0.5,110,10240,70,600,125,1250000,1.6,75,50.0,784,100,105,85,78.2,7,0
0.5,1.0,2.0,1.0,2.0,0.5,0.5,1.0,1.0,0.25,0.0,4.0,1.0,1.0,1.0,2.0,1.0,0.5,145,10240,35,700,130,1250000,1.5,95,50.0,373,120,90,120,102.6,3,0
0.5,1.0,1.0,1.0,0.5,2.0,0.5,1.0,0.0,0.5,2.0,0.5,1.0,1.0,1.0,2.0,0.5,2.0,68,5120,70,507,72,1059860,1.5,86,11.2,668,109,66,106,81.5,6,0
0.5,2.0,1.0,1.0,1.0,0.0,2.0,2.0,2.0,0.5,0.5,1.0,0.0,0.5,1.0,2.0,1.0,1.0,90,3840,70,236,45,600000,0.8,1,,292,30,30,40,1.2,3,0
1.0,1.0,1.0,0.0,1.0,1.0,1.0,1.0,1.0,2.0,1.0,2.0,1.0,0.5,1.0,0.5,1.0,2.0,75,5120,70,300,90,1000000,,50,50.0,27,10,35,40,,1,0
0.5,0.5,0.0,1.0,1.0,1.0,1.0,1.0,0.0,1.0,1.0,1.0,1.0,2.0,1.0,1.0,2.0,1.0,30,2560,70,210,15,800000,0.3,90,24.6,174,40,20,15,1.0,2,0
0.5,1.0,1.0,1.0,0.5,0.5,1.0,1.0,1.0,0.5,2.0,1.0,1.0,0.5,2.0,1.0,1.0,1.0,43,5120,70,302,53,1640000,0.4,70,50.0,316,43,53,40,10.3,3,0
0.5,2.0,1.0,0.0,1.0,0.0,1.0,1.0,2.0,2.0,1.0,2.0,0.0,0.25,1.0,0.5,1.0,2.0,75,3840,70,480,110,1000000,1.3,85,50.0,770,100,75,35,250.0,7,0
0.25,0.5,1.0,1.0,1.0,1.0,0.5,2.0,1.0,0.5,2.0,0.5,1.0,1.0,2.0,1.0,0.5,2.0,160,5120,70,630,80,1059860,1.9,80,88.1,257,130,80,100,52.0,3,0
0.5,1.0,1.0,2.0,0.5,0.5,0.5,1.0,1.0,1.0,2.0,0.5,1.0,0.5,2.0,1.0,0.5,0.5,63,5120,70,495,152,1000000,0.7,50,50.0,748,53,142,35,14.5,7,0
1.0,1.0,1.0,1.0,1.0,2.0,1.0,1.0,0.0,1.0,1.0,1.0,1.0,1.0,1.0,1.0,1.0,1.0,60,5120,70,395,70,1000000,0.8,65,,137,85,75,40,36.5,1,0
1.0,1.0,1.0,0.5,0.5,0.5,2.0,2.0,1.0,0.25,1.0,2.0,1.0,1.0,2.0,1.0,1.0,0.5,105,5120,70,490,65,1059860,1.7,80,50.0,71,100,70,70,15.5,1,0
1.0,1.0,1.0,2.0,1.0,1.0,0.5,1.0,1.0,2.0,1.0,0.5,1.0,1.0,1.0,1.0,0.5,0.5,105,5120,70,325,90,1000000,0.4,30,50.0,98,25,25,50,6.5,1,0
1.0,1.0,1.0,2.0,1.0,1.0,0.5,1.0,1.0,2.0,1.0,0.5,1.0,1.0,1.0,1.0,0.5,0.5,100,5120,70,528,85,1059860,1.5,95,88.1,503,108,70,70,94.6,5,0
2.0,2.0,1.0,0.0,1.0,0.5,1.0,1.0,2.0,2.0,1.0,2.0,1.0,0.5,0.5,0.5,1.0,2.0,40,5120,70,300,55,1000000,0.5,40,,343,40,70,55,21.5,3,0
1.0,1.0,1.0,0.0,1.0,2.0,0.5,0.5,1.0,4.0,2.0,2.0,0.5,0.25,1.0,0.5,2.0,4.0,85,5120,70,345,95,1250000,1.0,80,50.0,111,30,30,25,115.0,1,0
2.0,2.0,1.0,0.0,1.0,0.5,1.0,1.0,2.0,2.0,1.0,2.0,1.0,0.5,0.5,0.5,1.0,2.0,70,5120,70,500,105,1000000,1.5,60,,344,70,120,75,108.0,3,0
0.5,1.0,1.0,2.0,1.0,1.0,1.0,1.0,0.0,0.5,0.0,2.0,1.0,1.0,1.0,2.0,1.0,1.0,65,5120,35,411,45,1059860,0.5,76,50.0,441,92,42,91,1.9,4,0
0.5,1.0,1.0,2.0,1.0,1.0,1.0,1.0,0.0,0.5,0.0,2.0,1.0,1.0,1.0,2.0,1.0,1.0,110,5120,70,470,70,1000000,1.8,60,50.0,85,60,60,110,85.2,1,0
1.0,1.0,1.0,2.0,1.0,1.0,0.5,1.0,1.0,2.0,1.0,0.5,1.0,1.0,1.0,1.0,0.5,0.5,80,5120,70,405,80,1059860,1.1,65,88.1,159,59,63,58,25.0,2,0
1.0,1.0,1.0,2.0,1.0,1.0,0.5,1.0,1.0,2.0,1.0,0.5,1.0,1.0,1.0,1.0,0.5,0.5,50,5120,70,300,40,1059860,0.6,40,50.0,60,40,40,90,12.4,1,0
1.0,1.0,1.0,1.0,1.0,2.0,1.0,1.0,0.0,1.0,1.0,1.0,1.0,1.0,1.0,1.0,1.0,1.0,115,5120,70,480,65,1250000,0.4,65,50.0,775,75,95,65,19.9,7,0
0.5,2.0,1.0,0.0,1.0,0.0,1.0,1.0,2.0,2.0,1.0,2.0,0.0,0.25,1.0,0.5,1.0,2.0,74,6400,70,303,50,1000000,1.0,59,,622,35,50,35,92.0,5,0
0.5,1.0,0.5,1.0,0.5,4.0,1.0,0.25,1.0,1.0,4.0,0.5,0.25,0.0,0.5,0.5,1.0,2.0,140,8960,35,630,230,1250000,2.1,70,50.0,306,60,80,50,360.0,3,0
0.5,2.0,1.0,1.0,1.0,0.0,1.0,1.0,2.0,1.0,1.0,1.0,0.0,0.5,1.0,1.0,1.0,1.0,165,6400,35,555,75,800000,1.1,64,50.0,354,93,83,75,12.5,3,0
2.0,0.5,1.0,2.0,2.0,2.0,0.5,1.0,0.5,2.0,1.0,0.5,1.0,1.0,0.0,1.0,0.5,0.5,90,5120,35,305,20,1250000,0.8,45,50.0,318,65,20,65,20.8,3,0
0.25,0.5,0.0,1.0,0.5,1.0,2.0,0.5,1.0,0.5,2.0,0.5,0.5,0.0,0.5,0.5,1.0,1.0,80,5120,70,470,91,800000,0.2,57,50.0,707,80,87,75,3.0,6,0
1.0,1.0,1.0,0.5,1.0,1.0,1.0,0.5,1.0,1.0,2.0,1.0,1.0,1.0,1.0,1.0,0.5,1.0,89,30720,0,570,71,1250000,3.8,83,,796,173,71,83,100.0,7,1
1.0,4.0,1.0,1.0,1.0,0.0,1.0,1.0,4.0,1.0,1.0,1.0,0.0,0.5,0.5,1.0,1.0,1.0,113,30720,0,680,89,1250000,4.0,137,,792,137,107,97,120.0,7,1
0.25,1.0,1.0,2.0,0.5,0.25,1.0,1.0,1.0,0.25,0.0,2.0,1.0,0.5,2.0,2.0,1.0,1.0,80,3840,70,455,70,1000000,1.6,75,50.0,42,65,75,90,55.0,1,0
0.5,1.0,1.0,0.0,1.0,0.5,1.0,1.0,1.0,1.0,0.0,4.0,1.0,0.5,1.0,1.0,1.0,2.0,95,5120,70,510,125,1059860,2.0,75,50.0,472,45,75,95,42.5,4,0
0.5,0.5,1.0,1.0,2.0,1.0,1.0,2.0,1.0,1.0,1.0,1.0,1.0,1.0,2.0,0.5,1.0,1.0,60,5120,70,237,30,1640000,1.0,72,75.4,296,20,30,25,86.4,3,0
0.5,1.0,1.0,2.0,1.0,0.25,2.0,2.0,1.0,0.25,0.0,2.0,1.0,1.0,1.0,4.0,1.0,1.0,76,5120,70,515,86,1000000,1.9,86,50.0,469,116,56,95,51.5,4,0
1.0,1.0,1.0,0.0,1.0,0.5,2.0,2.0,1.0,1.0,0.5,2.0,1.0,0.5,1.0,1.0,1.0,2.0,45,3840,70,266,90,600000,0.5,31,50.0,290,30,30,40,5.5,3,0
1.0,1.0,1.0,0.0,1.0,1.0,1.0,0.5,1.0,2.0,2.0,2.0,1.0,0.5,1.0,0.5,0.5,2.0,66,5120,70,471,84,1000000,0.7,109,50.0,618,81,99,32,11.0,5,0
1.0,1.0,1.0,2.0,1.0,1.0,0.5,1.0,1.0,2.0,1.0,0.5,1.0,1.0,1.0,1.0,0.5,0.5,73,3840,70,500,88,1250000,1.3,71,50.0,693,120,89,59,35.3,6,0
0.5,1.0,1.0,2.0,1.0,1.0,1.0,1.0,0.0,0.5,0.0,2.0,1.0,1.0,1.0,2.0,1.0,1.0,45,3840,70,251,40,1059860,0.3,40,50.0,16,35,35,56,1.8,1,0
0.5,1.0,1.0,1.0,0.5,0.5,1.0,1.0,1.0,0.5,2.0,1.0,1.0,0.5,2.0,1.0,1.0,1.0,50,5120,70,329,62,1000000,0.6,50,50.0,568,40,62,65,31.0,5,0
1.0,1.0,1.0,1.0,1.0,2.0,1.0,1.0,0.0,1.0,1.0,1.0,1.0,1.0,1.0,1.0,1.0,1.0,55,5120,70,385,75,1000000,1.2,90,50.0,108,60,75,30,65.5,1,0
1.0,1.0,1.0,1.0,1.0,0.5,2.0,2.0,1.0,0.5,0.5,1.0,1.0,1.0,1.0,2.0,1.0,1.0,40,3840,70,305,85,1000000,0.4,50,50.0,616,40,65,25,7.7,5,0
0.5,1.0,1.0,1.0,0.5,0.25,2.0,2.0,1.0,0.25,1.0,1.0,1.0,0.5,2.0,2.0,1.0,1.0,35,3840,70,195,30,1000000,0.3,40,50.0,13,20,20,50,3.2,1,0
1.0,1.0,1.0,0.0,1.0,2.0,0.5,0.5,1.0,4.0,2.0,2.0,0.5,0.25,1.0,0.5,2.0,4.0,120,3840,70,495,130,1059860,,80,50.0,76,55,65,45,,1,0
0.5,1.0,1.0,1.0,0.5,1.0,0.5,1.0,1.0,0.5,2.0,0.5,1.0,1.0,1.0,2.0,0.5,2.0,52,5120,70,309,43,1059860,0.6,39,88.1,4,60,50,65,8.5,1,0
1.0,1.0,1.0,2.0,1.0,1.0,0.5,1.0,1.0,2.0,1.0,0.5,1.0,1.0,1.0,1.0,0.5,0.5,55,5120,70,308,45,1059860,0.5,55,88.1,501,63,45,45,5.9,5,0
4.0,2.0,1.0,0.5,1.0,0.5,2.0,2.0,2.0,0.5,0.5,2.0,1.0,2.0,0.5,1.0,1.0,0.5,40,5120,70,325,80,1250000,0.4,60,50.0,102,60,45,40,2.5,1,0
1.0,1.0,1.0,1.0,1.0,2.0,1.0,1.0,0.0,1.0,1.0,1.0,1.0,1.0,1.0,1.0,1.0,1.0,95,3840,70,470,60,800000,0.5,75,24.6,573,65,60,115,7.5,5,0
2.0,1.0,1.0,0.5,1.0,1.0,2.0,2.0,1.0,0.5,0.5,2.0,1.0,2.0,1.0,1.0,1.0,0.5,40,3840,70,220,50,1059860,0.5,40,50.0,273,30,30,30,4.0,3,0
2.0,1.0,1.0,0.5,1.0,2.0,4.0,2.0,1.0,0.5,0.5,1.0,1.0,2.0,1.0,2.0,2.0,0.5,62,5120,70,334,50,1250000,1.0,60,50.0,459,62,60,40,50.5,4,0
0.25,1.0,1.0,2.0,0.5,0.5,0.5,1.0,1.0,0.25,0.0,1.0,1.0,1.0,1.0,4.0,0.5,2.0,104,5120,70,634,78,1059860,1.7,78,88.1,6,159,115,100,90.5,1,0
2.0,2.0,1.0,1.0,1.0,0.5,1.0,1.0,2.0,1.0,1.0,1.0,1.0,1.0,0.5,1.0,1.0,1.0,35,5120,70,400,30,1059860,1.3,40,75.4,64,120,70,105,56.5,1,0
0.5,1.0,1.0,1.0,0.5,2.0,0.5,1.0,0.0,0.5,2.0,0.5,1.0,1.0,1.0,2.0,0.5,2.0,50,5120,70,369,58,1059860,0.6,62,11.2,667,73,54,72,13.5,6,0
1.0,1.0,1.0,2.0,1.0,1.0,0.5,1.0,1.0,2.0,1.0,0.5,1.0,1.0,1.0,1.0,0.5,0.5,53,3840,70,330,62,1250000,0.5,50,50.0,692,58,63,44,8.3,6,0
0.5,1.0,1.0,1.0,0.5,1.0,0.5,1.0,1.0,0.5,2.0,0.5,1.0,1.0,1.0,2.0,0.5,2.0,70,5120,70,350,45,1250000,0.7,55,75.4,58,70,50,60,19.0,1,0
0.5,1.0,1.0,2.0,1.0,1.0,1.0,1.0,0.0,0.5,0.0,2.0,1.0,1.0,1.0,2.0,1.0,1.0,120,3840,70,485,75,1000000,1.1,80,50.0,733,75,75,60,26.0,7,0
0.5,1.0,1.0,1.0,0.5,0.25,2.0,2.0,1.0,0.25,1.0,1.0,1.0,0.5,2.0,2.0,1.0,1.0,50,3840,70,385,70,1000000,1.2,60,50.0,269,50,90,65,31.6,3,0
1.0,1.0,1.0,0.0,1.0,1.0,1.0,1.0,1.0,2.0,1.0,2.0,1.0,0.5,1.0,0.5,1.0,2.0,180,30720,0,770,160,1250000,3.5,100,,383,150,90,90,950.0,3,1
1.0,1.0,0.0,1.0,1.0,0.25,1.0,1.0,2.0,1.0,1.0,1.0,1.0,2.0,0.5,1.0,2.0,1.0,25,5120,35,198,25,1250000,0.4,28,50.0,280,45,35,40,6.6,3,0
1.0,1.0,1.0,0.0,1.0,1.0,1.0,1.0,1.0,2.0,1.0,2.0,1.0,0.5,1.0,0.5,1.0,2.0,60,5120,70,330,60,1000000,0.5,90,50.0,231,40,40,40,33.5,2,0
1.0,1.0,1.0,1.0,1.0,2.0,2.0,1.0,1.0,1.0,1.0,0.5,1.0,1.0,1.0,2.0,2.0,1.0,50,5120,70,300,50,1000000,0.7,50,50.0,361,50,50,50,16.8,3,0
1.0,0.5,1.0,0.5,2.0,1.0,2.0,4.0,1.0,0.5,0.5,2.0,1.0,2.0,2.0,0.5,1.0,0.5,130,3840,70,460,80,1640000,1.2,60,50.0,286,60,60,70,39.2,3,0
0.5,1.0,2.0,1.0,2.0,0.5,0.5,1.0,1.0,0.25,0.0,4.0,1.0,1.0,1.0,2.0,1.0,0.5,70,5120,70,535,80,1000000,1.5,85,50.0,715,97,80,123,85.0,6,0
1.0,1.0,1.0,0.5,1.0,1.0,1.0,0.5,1.0,1.0,2.0,1.0,1.0,1.0,1.0,1.0,0.5,1.0,115,5120,70,515,80,1250000,2.1,85,50.0,604,105,80,50,80.5,5,0
0.5,0.5,1.0,1.0,2.0,1.0,1.0,2.0,1.0,1.0,1.0,1.0,1.0,1.0,2.0,0.5,1.0,1.0,105,5120,70,455,60,1000000,1.0,65,50.0,57,60,70,95,32.0,1,0
2.0,2.0,1.0,1.0,1.0,0.5,1.0,1.0,2.0,1.0,1.0,1.0,1.0,1.0,0.5,1.0,1.0,1.0,48,5120,70,466,76,1000000,0.6,74,50.0,678,83,81,104,8.5,6,0
1.0,0.5,1.0,2.0,2.0,1.0,1.0,1.0,0.5,0.5,0.0,2.0,1.0,1.0,0.0,2.0,1.0,1.0,65,5120,35,510,105,1250000,1.2,110,0.0,630,55,95,80,39.5,5,0
1.0,1.0,1.0,1.0,1.0,2.0,1.0,1.0,0.0,1.0,1.0,1.0,1.0,1.0,1.0,1.0,1.0,1.0,85,5120,70,420,69,1000000,1.1,60,50.0,505,60,69,77,27.0,5,0
1.0,1.0,1.0,1.0,1.0,2.0,1.0,1.0,0.0,1.0,1.0,1.0,1.0,1.0,1.0,1.0,1.0,1.0,60,3840,70,275,45,1059860,0.4,45,50.0,506,25,45,55,4.1,5,0
1.0,1.0,1.0,2.0,1.0,1.0,0.5,1.0,1.0,2.0,1.0,0.5,1.0,1.0,1.0,1.0,0.5,0.5,92,10240,70,460,65,1000000,1.0,70,50.0,550,80,55,98,18.0,5,0
2.0,2.0,1.0,1.0,1.0,0.5,1.0,1.0,2.0,1.0,1.0,1.0,1.0,1.0,0.5,1.0,1.0,1.0,30,5120,70,290,50,1059860,0.4,45,24.6,574,55,65,45,5.8,5,0
2.0,2.0,1.0,1.0,1.0,0.5,1.0,1.0,2.0,1.0,1.0,1.0,1.0,1.0,0.5,1.0,1.0,1.0,55,2560,70,487,85,800000,1.1,116,50.0,518,107,95,29,60.5,5,0
0.5,0.5,0.0,2.0,1.0,0.5,0.5,1.0,1.0,2.0,1.0,0.5,1.0,2.0,1.0,1.0,1.0,0.5,50,2560,70,420,80,800000,0.8,100,50.0,184,60,80,50,28.5,2,0
2.0,1.0,1.0,0.5,1.0,0.5,4.0,4.0,1.0,0.25,0.25,2.0,1.0,2.0,1.0,2.0,1.0,0.5,95,5120,70,405,80,1000000,1.0,60,50.0,47,60,80,30,29.5,1,0
2.0,1.0,1.0,0.5,1.0,1.0,2.0,2.0,1.0,0.5,0.5,2.0,1.0,2.0,1.0,1.0,1.0,0.5,30,5120,70,180,30,1059860,0.3,30,50.0,191,30,30,30,1.8,2,0
1.0,1.0,1.0,0.5,0.5,0.5,2.0,2.0,1.0,0.25,1.0,2.0,1.0,1.0,2.0,1.0,1.0,0.5,90,5120,70,390,50,1059860,1.0,65,50.0,70,85,45,55,6.4,1,0
1.0,0.5,0.5,1.0,1.0,4.0,2.0,0.5,0.5,0.5,2.0,0.5,0.5,0.0,0.0,0.5,0.5,1.0,125,5120,35,490,100,1000000,1.6,65,50.0,625,60,70,70,70.0,5,0
2.0,1.0,1.0,0.5,1.0,1.0,2.0,2.0,1.0,0.5,0.5,2.0,1.0,2.0,1.0,1.0,1.0,0.5,61,5120,70,313,65,1059860,0.4,56,88.1,650,48,45,38,9.0,6,0
1.0,1.0,1.0,1.0,1.0,2.0,1.0,1.0,0.0,1.0,1.0,1.0,1.0,1.0,1.0,1.0,1.0,1.0,91,5120,70,490,63,1059860,1.5,104,50.0,295,91,73,68,84.0,3,0
1.0,1.0,1.0,0.5,0.5,0.5,2.0,2.0,1.0,0.25,1.0,2.0,1.0,1.0,2.0,1.0,1.0,0.5,80,5120,70,490,85,1059860,1.2,75,50.0,45,110,90,50,18.6,1,0
1.0,1.0,1.0,2.0,1.0,2.0,1.0,1.0,1.0,2.0,1.0,0.25,1.0,1.0,1.0,2.0,1.0,0.5,60,5120,70,410,70,1059860,1.1,90,50.0,364,75,70,45,87.6,3,0
0.25,1.0,1.0,1.0,0.25,0.5,0.5,1.0,1.0,0.25,4.0,0.5,1.0,0.5,2.0,2.0,0.5,2.0,44,5120,70,320,40,1000000,0.6,48,88.1,757,71,40,77,4.8,7,0
0.25,1.0,1.0,2.0,0.5,0.5,0.5,1.0,1.0,0.25,0.0,1.0,1.0,1.0,1.0,4.0,0.5,2.0,130,30720,0,680,90,1250000,3.8,106,,250,110,154,90,199.0,2,1
0.5,1.0,1.0,1.0,0.5,1.0,0.5,1.0,1.0,0.5,2.0,0.5,1.0,1.0,1.0,2.0,0.5,2.0,40,5120,70,250,40,1000000,0.7,40,50.0,218,70,40,20,35.0,2,0
0.25,0.5,0.5,1.0,1.0,2.0,2.0,1.0,1.0,0.5,2.0,0.5,0.5,0.0,1.0,0.25,0.5,1.0,90,20480,35,580,129,1250000,2.1,91,,638,90,72,108,250.0,5,1
1.0,1.0,1.0,1.0,1.0,0.5,2.0,2.0,1.0,0.5,0.5,1.0,1.0,1.0,1.0,2.0,1.0,1.0,85,3840,70,384,51,1059860,1.0,77,50.0,402,55,51,65,25.5,4,0
0.5,1.0,1.0,2.0,1.0,0.25,2.0,2.0,1.0,0.25,0.0,2.0,1.0,1.0,1.0,4.0,1.0,1.0,80,3840,70,474,102,1059860,1.2,70,0.0,416,80,102,40,38.5,4,0
0.5,0.5,0.0,1.0,1.0,0.5,1.0,1.0,1.0,1.0,1.0,1.0,1.0,2.0,1.0,1.0,2.0,1.0,65,5120,70,551,67,1000000,0.2,74,0.0,670,125,128,92,0.9,6,0
1.0,1.0,1.0,1.0,1.0,2.0,1.0,1.0,0.0,1.0,1.0,1.0,1.0,1.0,1.0,1.0,1.0,1.0,51,5120,70,240,23,1059860,0.6,64,50.0,293,51,23,28,16.3,3,0
1.0,1.0,2.0,0.5,2.0,1.0,0.5,1.0,1.0,0.5,1.0,2.0,1.0,1.0,1.0,1.0,1.0,0.5,84,10240,35,420,65,1250000,4.0,61,50.0,148,70,70,70,16.5,1,0
1.0,0.5,1.0,1.0,1.0,2.0,0.5,1.0,0.5,0.5,2.0,0.5,1.0,1.0,0.0,2.0,0.5,2.0,60,5120,35,330,30,1250000,0.6,45,50.0,228,80,50,65,10.8,2,0
1.0,1.0,1.0,0.5,1.0,1.0,1.0,0.5,1.0,1.0,2.0,1.0,1.0,1.0,1.0,1.0,0.5,1.0,60,5120,70,295,32,1000000,0.8,45,50.0,522,50,32,76,29.8,5,0
1.0,1.0,1.0,0.5,1.0,0.5,2.0,1.0,1.0,0.5,1.0,1.0,1.0,1.0,1.0,2.0,0.5,1.0,82,3840,70,400,95,1000000,0.5,57,50.0,737,55,75,36,10.5,7,0
1.0,1.0,1.0,0.0,1.0,1.0,0.5,1.0,1.0,4.0,1.0,1.0,1.0,0.5,1.0,0.5,0.5,1.0,65,5120,70,384,55,1059860,0.8,75,50.0,536,65,55,69,17.0,5,0
1.0,1.0,1.0,0.5,1.0,1.0,1.0,0.5,1.0,1.0,2.0,1.0,1.0,1.0,1.0,1.0,0.5,1.0,55,2560,70,320,40,1000000,0.4,35,50.0,25,50,50,90,6.0,1,0
1.0,2.0,0.5,1.0,0.5,1.0,2.0,0.5,2.0,0.5,2.0,0.5,0.5,0.0,0.25,0.5,0.5,1.0,100,30720,100,600,100,1250000,0.3,100,,385,100,100,100,1.1,3,1
0.5,0.5,1.0,1.0,2.0,1.0,1.0,2.0,1.0,1.0,1.0,1.0,1.0,1.0,2.0,0.5,1.0,1.0,120,5120,70,490,90,1250000,2.0,100,50.0,766,40,60,80,82.8,7,0
0.5,1.0,1.0,2.0,1.0,1.0,1.0,1.0,0.0,0.5,0.0,2.0,1.0,1.0,1.0,2.0,1.0,1.0,80,3840,70,579,80,1059860,1.5,83,50.0,18,135,80,121,39.5,1,0
2.0,2.0,1.0,1.0,1.0,0.5,1.0,1.0,2.0,1.0,1.0,1.0,1.0,1.0,0.5,1.0,1.0,1.0,25,2560,70,292,45,800000,0.6,76,50.0,517,67,55,24,23.3,5,0
2.0,2.0,1.0,1.0,1.0,0.5,1.0,1.0,2.0,1.0,1.0,1.0,1.0,1.0,0.5,1.0,1.0,1.0,40,5120,70,370,50,1059860,0.6,65,50.0,578,125,60,30,8.0,5,0
0.5,0.5,1.0,1.0,2.0,1.0,1.0,2.0,1.0,1.0,1.0,1.0,1.0,1.0,2.0,0.5,1.0,1.0,70,6400,70,285,40,1059860,0.7,40,88.1,447,35,40,60,20.2,4,0
1.0,1.0,1.0,0.0,1.0,1.0,1.0,1.0,1.0,2.0,1.0,2.0,1.0,0.5,1.0,0.5,1.0,2.0,100,5120,70,425,60,1000000,,35,50.0,51,50,70,110,,1,0
0.25,0.5,1.0,1.0,1.0,1.0,0.5,2.0,1.0,0.5,2.0,0.5,1.0,1.0,2.0,1.0,0.5,2.0,78,5120,70,405,52,1059860,0.9,64,88.1,391,78,52,81,22.0,4,0
2.0,2.0,1.0,1.0,1.0,1.0,1.0,1.0,0.0,1.0,1.0,1.0,1.0,1.0,0.5,1.0,1.0,1.0,60,5120,70,490,80,1250000,1.5,90,50.0,765,90,110,60,76.0,7,0
2.0,2.0,1.0,1.0,1.0,0.5,1.0,1.0,2.0,1.0,1.0,1.0,1.0,1.0,0.5,1.0,1.0,1.0,72,10240,70,336,48,1000000,0.5,48,,201,72,48,48,5.0,2,0
0.25,0.5,0.0,2.0,1.0,0.25,1.0,1.0,1.0,0.5,0.0,2.0,1.0,2.0,1.0,2.0,2.0,1.0,50,2560,70,545,95,800000,1.5,85,88.1,468,120,115,80,38.0,4,0
1.0,1.0,2.0,0.0,2.0,1.0,0.5,1.0,1.0,1.0,1.0,4.0,1.0,0.5,1.0,0.5,1.0,1.0,170,10240,70,700,115,1250000,1.9,108,50.0,445,120,95,92,95.0,4,0
1.0,1.0,1.0,2.0,1.0,2.0,0.25,0.5,1.0,4.0,2.0,0.5,0.5,0.5,1.0,1.0,1.0,1.0,40,7680,70,355,100,1000000,0.4,35,88.1,138,90,55,35,7.5,1,0
1.0,1.0,2.0,0.0,2.0,1.0,0.5,1.0,1.0,1.0,1.0,4.0,1.0,0.5,1.0,0.5,1.0,1.0,100,5120,70,520,80,1059860,2.0,80,50.0,330,80,80,100,82.0,3,0
0.5,1.0,1.0,1.0,0.5,1.0,0.5,1.0,1.0,0.5,2.0,0.5,1.0,1.0,1.0,2.0,0.5,2.0,63,5120,70,308,45,1059860,0.5,65,88.1,498,45,45,45,9.9,5,0
0.5,0.5,1.0,1.0,2.0,1.0,1.0,2.0,1.0,1.0,1.0,1.0,1.0,1.0,2.0,0.5,1.0,1.0,82,5120,70,338,57,1000000,0.6,47,50.0,739,42,47,63,7.0,7,0
2.0,1.0,1.0,0.5,1.0,1.0,2.0,2.0,1.0,0.5,0.5,2.0,1.0,2.0,1.0,1.0,1.0,0.5,110,8960,35,525,130,1000000,1.0,65,88.1,470,60,65,95,25.5,4,0
1.0,1.0,1.0,0.0,1.0,1.0,0.5,1.0,1.0,4.0,1.0,1.0,1.0,0.5,1.0,0.5,0.5,1.0,95,5120,70,509,75,1059860,1.5,105,50.0,537,85,75,74,62.0,5,0
1.0,1.0,1.0,1.0,1.0,0.5,2.0,2.0,1.0,0.5,0.5,1.0,1.0,1.0,1.0,2.0,1.0,1.0,20,3840,70,205,55,1000000,0.7,50,50.0,11,25,25,30,9.9,1,0
0.5,2.0,1.0,1.0,1.0,0.0,1.0,1.0,2.0,1.0,1.0,1.0,0.0,0.5,1.0,1.0,1.0,1.0,70,6400,35,455,130,800000,1.6,40,50.0,356,60,130,25,30.6,3,0
1.0,2.0,1.0,0.5,1.0,0.0,2.0,2.0,2.0,0.5,0.5,2.0,0.0,1.0,1.0,1.0,1.0,0.5,107,3840,70,530,75,1059860,1.6,78,88.1,724,100,100,70,36.6,7,0
1.0,1.0,1.0,1.0,1.0,0.5,2.0,2.0,1.0,0.5,0.5,1.0,1.0,1.0,1.0,2.0,1.0,1.0,155,6400,70,600,120,1250000,1.5,65,50.0,127,65,90,105,55.0,1,0
1.0,1.0,1.0,1.0,2.0,0.0,1.0,1.0,1.0,1.0,1.0,1.0,0.0,0.5,0.0,1.0,1.0,1.0,92,7680,70,485,108,1000000,1.0,50,50.0,442,92,108,35,108.0,4,0
2.0,0.5,1.0,1.0,2.0,2.0,1.0,1.0,0.5,1.0,1.0,1.0,1.0,1.0,0.0,1.0,1.0,1.0,50,5120,70,281,37,1000000,0.4,41,50.0,509,50,37,66,10.1,5,0
1.0,1.0,1.0,0.5,0.5,0.5,2.0,2.0,1.0,0.25,1.0,2.0,1.0,1.0,2.0,1.0,1.0,0.5,49,5120,70,318,49,1059860,0.7,45,88.1,1,65,65,45,6.9,1,0
2.0,2.0,1.0,1.0,1.0,0.5,1.0,1.0,2.0,1.0,1.0,1.0,1.0,1.0,0.5,1.0,1.0,1.0,65,5120,70,490,75,1059860,1.0,110,50.0,579,125,85,30,20.1,5,0
1.0,2.0,1.0,0.5,1.0,0.0,2.0,2.0,2.0,0.5,0.5,2.0,0.0,1.0,1.0,1.0,1.0,0.5,131,6400,70,517,100,1000000,3.9,70,,781,86,90,40,210.0,7,0
2.0,1.0,1.0,0.5,1.0,0.5,4.0,4.0,1.0,0.25,0.25,2.0,1.0,2.0,1.0,2.0,1.0,0.5,70,5120,70,285,55,1000000,0.3,35,50.0,46,45,55,25,5.4,1,0
1.0,1.0,1.0,1.0,1.0,2.0,1.0,1.0,0.0,1.0,1.0,1.0,1.0,1.0,1.0,1.0,1.0,1.0,95,5120,70,465,62,1250000,1.4,73,50.0,234,85,65,85,71.2,2,0
2.0,0.5,1.0,2.0,2.0,2.0,0.5,1.0,0.5,2.0,1.0,0.5,1.0,1.0,0.0,1.0,0.5,0.5,140,5120,35,560,70,1250000,1.8,70,50.0,319,110,65,105,88.8,3,0
1.0,1.0,1.0,2.0,1.0,1.0,0.5,1.0,1.0,2.0,1.0,0.5,1.0,1.0,1.0,1.0,0.5,0.5,100,2560,70,600,100,1250000,0.3,100,,490,100,100,100,1.4,4,1
0.5,2.0,1.0,1.0,1.0,0.0,2.0,1.0,2.0,1.0,1.0,0.5,0.0,0.5,1.0,2.0,2.0,1.0,80,5120,70,480,70,1000000,1.3,70,0.0,478,80,70,110,26.6,4,0
1.0,1.0,1.0,1.0,1.0,4.0,1.0,0.5,1.0,2.0,2.0,0.5,0.5,0.5,1.0,2.0,4.0,2.0,59,7680,70,362,50,1000000,1.3,77,88.1,698,67,63,46,25.2,6,0
2.0,1.0,1.0,0.5,1.0,1.0,2.0,2.0,1.0,0.5,0.5,2.0,1.0,2.0,1.0,1.0,1.0,0.5,65,5120,70,350,48,1000000,0.9,66,50.0,672,62,57,52,31.0,6,0
1.0,1.0,1.0,1.0,1.0,2.0,1.0,1.0,0.0,1.0,1.0,1.0,1.0,1.0,1.0,1.0,1.0,1.0,85,10240,70,390,40,1250000,0.6,135,88.1,446,40,85,5,105.0,4,0
1.0,1.0,1.0,1.0,1.0,0.5,2.0,2.0,1.0,0.5,0.5,1.0,1.0,1.0,1.0,2.0,1.0,1.0,30,3840,70,195,35,1000000,0.3,45,50.0,10,20,20,45,2.9,1,0
1.0,1.0,1.0,1.0,1.0,1.0,1.0,1.0,1.0,1.0,1.0,1.0,0.5,0.5,1.0,2.0,2.0,2.0,125,7680,70,495,100,600000,1.5,75,88.1,348,70,80,45,68.2,3,0
1.0,1.0,1.0,0.5,1.0,1.0,1.0,0.5,1.0,1.0,2.0,1.0,1.0,1.0,1.0,1.0,0.5,1.0,85,5120,100,363,49,1059860,0.9,60,50.0,404,60,49,60,30.5,4,0
1.0,1.0,1.0,0.5,1.0,1.0,1.0,0.5,1.0,1.0,2.0,1.0,1.0,1.0,1.0,1.0,0.5,1.0,85,2560,70,485,50,1000000,,60,50.0,26,95,85,110,,1,0
1.0,1.0,1.0,2.0,1.0,1.0,0.5,1.0,1.0,2.0,1.0,0.5,1.0,1.0,1.0,1.0,0.5,0.5,51,5120,70,314,53,1059860,0.4,53,88.1,393,61,56,40,5.2,4,0
2.0,2.0,1.0,1.0,1.0,0.5,1.0,1.0,2.0,1.0,1.0,1.0,1.0,1.0,0.5,1.0,1.0,1.0,75,20480,140,580,130,1250000,0.3,75,,480,75,130,95,0.3,4,1
0.5,2.0,1.0,0.0,1.0,0.0,1.0,1.0,2.0,2.0,1.0,2.0,0.0,0.25,1.0,0.5,1.0,2.0,124,6400,70,483,80,1000000,2.8,89,,623,55,80,55,330.0,5,0
1.0,1.0,1.0,2.0,1.0,2.0,0.25,0.5,1.0,4.0,2.0,0.5,0.5,0.5,1.0,1.0,1.0,1.0,105,5120,70,500,115,1000000,1.3,72,50.0,689,54,86,68,96.0,6,0
1.0,2.0,0.5,1.0,0.5,1.0,2.0,0.5,2.0,0.5,2.0,0.5,0.5,0.0,0.25,0.5,0.5,1.0,75,10240,35,420,100,1250000,1.2,60,,375,55,80,50,202.5,3,0
0.5,2.0,1.0,0.0,1.0,0.0,1.0,1.0,2.0,2.0,1.0,2.0,0.0,0.25,1.0,0.5,1.0,2.0,55,3840,70,320,80,1000000,0.5,55,50.0,769,70,45,15,70.0,7,0
0.5,1.0,1.0,1.0,0.5,1.0,0.5,0.5,1.0,1.0,4.0,1.0,0.5,0.25,2.0,1.0,2.0,2.0,53,30720,0,570,47,1250000,1.2,109,,793,127,131,103,55.5,7,1
0.5,2.0,1.0,2.0,1.0,0.0,0.5,1.0,2.0,2.0,1.0,0.5,0.0,0.5,1.0,1.0,0.5,0.5,60,5120,70,480,70,1000000,2.2,100,50.0,593,85,105,60,135.0,5,0
1.0,2.0,1.0,1.0,0.5,0.5,0.5,1.0,2.0,0.5,2.0,0.5,1.0,1.0,0.5,2.0,0.5,2.0,69,5120,70,534,72,1059860,1.5,75,88.1,655,114,100,104,39.0,6,0
0.5,1.0,1.0,2.0,1.0,1.0,1.0,1.0,0.0,0.5,0.0,2.0,1.0,1.0,1.0,2.0,1.0,1.0,60,3840,70,349,55,1059860,1.1,63,50.0,17,50,50,71,30.0,1,0
1.0,0.5,1.0,1.0,1.0,1.0,1.0,1.0,0.5,0.5,2.0,1.0,1.0,0.5,0.0,1.0,1.0,1.0,90,5120,70,500,110,1250000,1.3,70,50.0,452,60,75,95,61.5,4,0
2.0,1.0,1.0,0.5,1.0,1.0,2.0,2.0,1.0,0.5,0.5,2.0,1.0,2.0,1.0,1.0,1.0,0.5,55,5120,70,250,35,1000000,0.3,40,50.0,753,50,35,35,1.5,7,0
0.5,0.5,0.0,1.0,1.0,1.0,0.5,0.5,1.0,2.0,2.0,1.0,0.5,1.0,1.0,1.0,4.0,2.0,50,6400,70,500,150,1250000,0.3,50,,703,50,150,50,5.7,6,0
1.0,1.0,1.0,1.0,1.0,2.0,1.0,1.0,0.0,1.0,1.0,1.0,1.0,1.0,1.0,1.0,1.0,1.0,71,3840,70,413,70,1000000,,75,50.0,20,40,80,77,,1,0
1.0,2.0,1.0,2.0,1.0,0.25,1.0,1.0,2.0,0.5,0.0,2.0,1.0,1.0,0.5,2.0,1.0,1.0,50,5120,70,320,45,1000000,0.2,40,50.0,177,70,45,70,2.0,2,0
0.5,1.0,1.0,1.0,0.5,0.25,2.0,2.0,1.0,0.25,1.0,1.0,1.0,0.5,2.0,2.0,1.0,1.0,45,3840,70,260,59,1059860,0.4,30,50.0,543,30,39,57,5.3,5,0
1.0,1.0,1.0,0.0,1.0,2.0,0.5,0.5,1.0,4.0,2.0,2.0,0.5,0.25,1.0,0.5,2.0,4.0,64,10240,35,300,50,1250000,0.6,50,50.0,246,45,50,41,72.0,2,0
1.0,0.25,1.0,1.0,4.0,2.0,1.0,2.0,0.5,1.0,1.0,1.0,1.0,1.0,0.0,0.5,1.0,1.0,75,3840,35,348,70,1000000,0.6,50,50.0,559,35,70,48,11.8,5,0
0.5,1.0,1.0,2.0,1.0,1.0,1.0,1.0,0.0,0.5,0.0,2.0,1.0,1.0,1.0,2.0,1.0,1.0,55,3840,70,245,30,1059860,0.3,40,50.0,396,30,30,60,2.0,4,0
1.0,1.0,1.0,1.0,1.0,0.5,2.0,2.0,1.0,0.5,0.5,1.0,1.0,1.0,1.0,2.0,1.0,1.0,29,3840,70,224,45,1000000,0.2,40,50.0,412,29,45,36,3.4,4,0
1.0,1.0,1.0,0.0,1.0,2.0,0.5,0.5,1.0,4.0,2.0,2.0,0.5,0.25,1.0,0.5,2.0,4.0,130,5120,70,485,120,1250000,1.9,105,50.0,112,45,45,40,120.0,1,0
1.0,1.0,1.0,1.0,1.0,1.0,0.5,0.5,1.0,2.0,2.0,0.5,1.0,1.0,1.0,1.0,0.25,0.5,58,5120,70,460,58,1250000,1.2,125,50.0,171,76,76,67,22.5,2,0
0.25,2.0,1.0,1.0,0.5,0.0,0.5,1.0,2.0,0.5,2.0,0.5,0.0,0.5,1.0,2.0,0.5,2.0,40,5120,70,370,60,1059860,0.6,60,50.0,608,95,60,55,13.0,5,0
0.25,1.0,0.5,1.0,0.25,2.0,1.0,0.5,1.0,0.25,4.0,0.25,0.5,0.0,0.5,1.0,0.25,2.0,90,2560,100,600,106,1250000,1.7,91,50.0,485,130,106,77,430.0,4,1
2.0,1.0,1.0,0.5,1.0,2.0,2.0,2.0,0.0,0.5,0.5,2.0,1.0,2.0,1.0,1.0,1.0,0.5,100,5120,70,475,70,1000000,1.9,80,50.0,586,60,70,95,92.5,5,0
1.0,1.0,2.0,0.5,2.0,1.0,0.5,1.0,1.0,0.5,1.0,2.0,1.0,1.0,1.0,1.0,1.0,0.5,75,10240,35,300,60,1250000,0.6,45,50.0,371,40,30,50,42.1,3,0
1.0,1.0,1.0,1.0,1.0,2.0,1.0,1.0,0.0,1.0,1.0,1.0,1.0,1.0,1.0,1.0,1.0,1.0,130,5120,70,500,75,1000000,1.8,90,50.0,217,75,75,55,125.8,2,0
0.5,0.5,1.0,1.0,2.0,1.0,1.0,2.0,1.0,1.0,1.0,1.0,1.0,1.0,2.0,0.5,1.0,1.0,105,5120,70,405,85,1059860,1.2,85,75.4,533,40,50,40,40.0,5,0
2.0,0.5,1.0,1.0,2.0,4.0,2.0,1.0,0.5,1.0,1.0,0.5,1.0,1.0,0.0,2.0,2.0,1.0,95,5120,35,430,55,1059860,0.9,55,50.0,215,35,75,115,28.0,2,0
1.0,1.0,1.0,1.0,1.0,1.0,0.5,0.5,1.0,2.0,2.0,0.5,1.0,1.0,1.0,1.0,0.25,0.5,38,5120,70,330,38,1250000,0.5,75,50.0,170,56,56,67,12.0,2,0
1.0,1.0,1.0,0.0,1.0,1.0,0.5,1.0,1.0,4.0,1.0,1.0,1.0,0.5,1.0,0.5,0.5,1.0,78,5120,70,468,73,1000000,0.9,110,50.0,340,76,71,60,23.6,3,0
1.0,1.0,1.0,2.0,1.0,1.0,0.5,1.0,1.0,2.0,1.0,0.5,1.0,1.0,1.0,1.0,0.5,0.5,82,5120,70,500,78,1000000,1.7,80,50.0,55,95,80,85,76.6,1,0
0.25,0.5,0.5,1.0,1.0,2.0,2.0,1.0,1.0,0.5,2.0,0.5,0.5,0.0,1.0,0.25,0.5,1.0,145,6400,70,625,88,1059860,1.2,70,88.1,448,140,70,112,54.0,4,0
1.0,1.0,1.0,1.0,1.0,2.0,0.5,0.5,1.0,2.0,2.0,1.0,0.5,0.5,1.0,1.0,2.0,2.0,65,3840,70,280,40,1000000,0.5,45,50.0,744,30,40,60,9.2,7,0
1.0,1.0,1.0,2.0,1.0,1.0,0.5,1.0,1.0,2.0,1.0,0.5,1.0,1.0,1.0,1.0,0.5,0.5,49,5120,70,330,56,600000,0.4,49,50.0,456,49,61,66,7.0,4,0
0.5,2.0,1.0,0.5,1.0,0.0,1.0,0.5,2.0,1.0,2.0,1.0,0.0,0.5,1.0,1.0,0.5,1.0,65,5120,70,520,107,1000000,0.3,50,,479,105,107,86,0.3,4,0
1.0,1.0,1.0,2.0,1.0,2.0,0.25,0.5,1.0,4.0,2.0,0.5,0.5,0.5,1.0,1.0,1.0,1.0,108,7680,70,495,133,1000000,1.2,74,88.1,565,83,65,32,81.0,5,0
4.0,0.5,1.0,0.5,2.0,2.0,2.0,2.0,0.5,0.5,0.5,2.0,1.0,2.0,0.0,1.0,1.0,0.5,100,3840,70,480,60,1059860,1.3,90,50.0,275,90,60,80,59.6,3,0
2.0,2.0,1.0,1.0,1.0,1.0,0.5,0.5,2.0,2.0,2.0,1.0,0.5,0.5,0.5,1.0,2.0,2.0,95,6400,70,460,85,800000,1.2,90,,338,55,65,70,154.0,3,0
1.0,1.0,1.0,0.5,1.0,1.0,1.0,0.5,1.0,1.0,2.0,1.0,1.0,1.0,1.0,1.0,0.5,1.0,100,5120,70,497,63,1000000,1.6,75,50.0,523,80,63,116,79.5,5,0
0.5,0.5,1.0,1.0,2.0,0.5,2.0,4.0,1.0,0.5,0.5,1.0,1.0,1.0,2.0,1.0,1.0,1.0,137,30720,0,570,37,1250000,1.8,71,,795,137,37,151,25.0,7,1
2.0,2.0,1.0,1.0,1.0,0.5,1.0,1.0,2.0,1.0,1.0,1.0,1.0,1.0,0.5,1.0,1.0,1.0,33,5120,70,405,58,1000000,1.3,190,50.0,202,33,58,33,28.5,2,0
2.0,2.0,1.0,1.0,1.0,0.5,1.0,1.0,2.0,1.0,1.0,1.0,1.0,1.0,0.5,1.0,1.0,1.0,30,6400,70,285,50,800000,0.2,45,50.0,433,65,50,45,0.6,4,0
0.5,0.5,1.0,1.0,2.0,1.0,1.0,2.0,1.0,1.0,1.0,1.0,1.0,1.0,2.0,0.5,1.0,1.0,100,5120,70,405,70,1059860,1.5,80,75.4,67,50,60,45,70.5,1,0
0.5,0.5,1.0,1.0,2.0,1.0,1.0,2.0,1.0,1.0,1.0,1.0,1.0,1.0,2.0,0.5,1.0,1.0,85,6400,70,350,50,1059860,0.9,45,50.0,619,55,50,65,20.0,5,0
1.0,1.0,1.0,1.0,1.0,2.0,0.5,0.5,1.0,2.0,2.0,1.0,0.5,0.5,1.0,1.0,2.0,2.0,135,3840,70,515,130,1059860,1.7,85,50.0,526,60,80,25,260.0,5,0
1.0,1.0,1.0,2.0,1.0,1.0,0.5,1.0,1.0,2.0,1.0,0.5,1.0,1.0,1.0,1.0,0.5,0.5,80,3840,70,308,65,1640000,0.6,43,50.0,341,50,35,35,11.5,3,0
2.0,2.0,1.0,1.0,1.0,0.5,1.0,1.0,2.0,1.0,1.0,1.0,1.0,1.0,0.5,1.0,1.0,1.0,50,6400,70,455,80,800000,0.6,75,50.0,358,95,90,65,1.0,3,0
1.0,2.0,0.5,1.0,0.5,1.0,2.0,0.5,2.0,0.5,2.0,0.5,0.5,0.0,0.25,0.5,0.5,1.0,137,30720,0,680,107,1250000,3.4,137,,791,113,89,97,230.0,7,1
1.0,1.0,1.0,2.0,1.0,2.0,1.0,1.0,1.0,2.0,1.0,0.25,1.0,1.0,1.0,2.0,1.0,0.5,80,5120,70,530,90,1059860,1.4,110,50.0,365,95,90,65,150.6,3,0
0.25,2.0,1.0,1.0,0.5,0.0,1.0,1.0,2.0,0.5,2.0,1.0,0.0,0.25,2.0,1.0,1.0,1.0,50,5120,70,405,45,1059860,1.6,45,50.0,93,115,55,95,0.1,1,0
2.0,1.0,1.0,0.5,1.0,1.0,2.0,2.0,1.0,0.5,0.5,2.0,1.0,2.0,1.0,1.0,1.0,0.5,120,5120,70,510,98,1059860,1.2,72,0.0,763,50,98,72,21.4,7,0
0.5,1.0,1.0,4.0,1.0,0.5,0.5,1.0,1.0,1.0,0.0,1.0,1.0,1.0,1.0,2.0,0.5,0.5,40,6400,70,485,70,1250000,2.1,85,50.0,226,80,140,70,220.0,2,0
1.0,1.0,1.0,0.5,1.0,1.0,1.0,0.5,1.0,1.0,2.0,1.0,1.0,1.0,1.0,1.0,0.5,1.0,40,5120,70,405,50,1000000,0.4,60,50.0,312,75,85,95,4.2,3,0
0.5,0.5,0.0,1.0,1.0,1.0,1.0,1.0,0.0,1.0,1.0,1.0,1.0,2.0,1.0,1.0,2.0,1.0,70,2560,70,435,45,800000,1.0,140,24.6,40,85,50,45,12.0,1,0
1.0,0.5,1.0,2.0,2.0,1.0,1.0,1.0,0.5,0.5,0.0,2.0,1.0,1.0,0.0,2.0,1.0,1.0,55,5120,35,370,75,1250000,0.5,70,0.0,629,45,65,60,9.0,5,0
0.5,1.0,2.0,0.5,1.0,1.0,0.25,1.0,1.0,0.25,2.0,1.0,1.0,1.0,1.0,2.0,0.5,1.0,78,5120,70,485,135,1000000,2.0,60,50.0,776,91,85,36,212.0,7,0
1.0,2.0,1.0,2.0,1.0,0.25,1.0,1.0,2.0,0.5,0.0,2.0,1.0,1.0,0.5,2.0,1.0,1.0,58,5120,70,490,80,1000000,1.4,72,50.0,561,103,80,97,14.0,5,0
2.0,0.5,1.0,1.0,2.0,2.0,1.0,1.0,0.5,1.0,1.0,1.0,1.0,1.0,0.0,1.0,1.0,1.0,90,30720,0,600,90,1250000,1.5,70,,491,135,90,125,50.5,4,1
1.0,1.0,1.0,0.0,1.0,2.0,2.0,1.0,1.0,2.0,1.0,1.0,1.0,0.5,1.0,1.0,2.0,2.0,100,5120,70,450,80,1250000,1.1,100,50.0,221,60,60,50,55.8,2,0
1.0,1.0,1.0,1.0,1.0,2.0,1.0,1.0,0.0,1.0,1.0,1.0,1.0,1.0,1.0,1.0,1.0,1.0,110,10240,70,540,65,1250000,2.1,160,88.1,143,65,110,30,460.0,1,0
1.0,1.0,1.0,2.0,1.0,1.0,0.5,1.0,1.0,2.0,1.0,0.5,1.0,1.0,1.0,1.0,0.5,0.5,105,5120,70,530,100,1059860,2.3,85,88.1,160,79,83,78,88.8,2,0
1.0,1.0,1.0,0.5,1.0,1.0,1.0,0.5,1.0,1.0,2.0,1.0,1.0,1.0,1.0,1.0,0.5,1.0,50,5120,70,405,40,1000000,0.4,60,50.0,311,85,75,95,4.2,3,0
2.0,2.0,1.0,1.0,1.0,1.0,1.0,1.0,0.0,1.0,1.0,1.0,1.0,1.0,0.5,1.0,1.0,1.0,128,30720,100,600,90,1250000,0.6,100,,648,77,77,128,6.5,5,1
0.5,1.0,1.0,1.0,0.5,0.25,2.0,2.0,1.0,0.25,1.0,1.0,1.0,0.5,2.0,2.0,1.0,1.0,90,3840,70,400,70,800000,1.1,70,50.0,168,60,70,40,33.5,2,0
0.25,2.0,0.5,1.0,0.5,0.0,2.0,0.5,2.0,0.5,2.0,0.5,0.0,0.0,0.5,0.5,0.5,1.0,110,5120,70,448,150,1000000,0.8,59,50.0,680,45,49,35,4.5,6,0
1.0,1.0,1.0,1.0,1.0,1.0,1.0,1.0,1.0,1.0,1.0,1.0,0.5,0.5,1.0,2.0,2.0,2.0,65,5120,70,325,85,1000000,0.3,50,50.0,557,35,35,55,14.5,5,0
1.0,1.0,1.0,2.0,1.0,0.5,1.0,2.0,1.0,1.0,0.5,0.5,1.0,1.0,1.0,2.0,0.5,0.5,40,3840,70,269,52,1000000,0.3,38,50.0,751,40,72,27,4.0,7,0
1.0,0.5,0.0,0.5,1.0,0.5,2.0,2.0,1.0,0.5,0.5,2.0,1.0,4.0,1.0,1.0,2.0,0.5,130,3840,70,570,115,1250000,1.9,70,,787,85,95,75,45.5,7,1
2.0,2.0,1.0,1.0,1.0,0.5,1.0,1.0,2.0,1.0,1.0,1.0,1.0,1.0,0.5,1.0,1.0,1.0,150,30720,0,780,70,1250000,2.0,106,,150,194,120,140,122.0,1,1
0.5,1.0,0.5,1.0,0.5,1.0,4.0,1.0,1.0,0.25,1.0,0.5,0.5,0.0,0.5,1.0,0.5,1.0,90,5120,70,465,140,1000000,1.2,75,50.0,205,60,60,40,125.8,2,0
1.0,1.0,1.0,1.0,1.0,2.0,1.0,1.0,0.0,1.0,1.0,1.0,1.0,1.0,1.0,1.0,1.0,1.0,10,10240,140,540,10,800000,1.5,255,0.0,242,75,135,55,46.8,2,0
0.5,1.0,1.0,1.0,0.5,1.0,0.5,1.0,1.0,0.5,2.0,0.5,1.0,1.0,1.0,2.0,0.5,2.0,90,5120,70,315,45,1059860,0.6,70,50.0,554,15,45,50,37.5,5,0
0.5,1.0,1.0,2.0,1.0,1.0,1.0,1.0,0.0,0.5,0.0,2.0,1.0,1.0,1.0,2.0,1.0,1.0,90,5120,70,377,55,1000000,0.8,52,50.0,83,58,62,60,15.0,1,0
1.0,1.0,1.0,0.5,0.5,0.5,2.0,2.0,1.0,0.25,1.0,2.0,1.0,1.0,2.0,1.0,1.0,0.5,50,5120,70,320,55,1059860,0.5,45,50.0,43,75,65,30,5.4,1,0
0.5,0.5,0.0,1.0,1.0,0.5,1.0,1.0,1.0,1.0,1.0,1.0,1.0,2.0,1.0,1.0,2.0,1.0,52,5120,70,341,60,1000000,0.2,78,50.0,682,63,65,23,0.5,6,0
1.0,1.0,1.0,1.0,1.0,2.0,1.0,1.0,0.0,1.0,1.0,1.0,1.0,1.0,1.0,1.0,1.0,1.0,60,3840,70,280,60,1250000,0.8,60,50.0,287,35,35,30,24.0,3,0
1.0,1.0,1.0,2.0,1.0,1.0,0.5,1.0,1.0,2.0,1.0,0.5,1.0,1.0,1.0,1.0,0.5,0.5,84,5120,70,485,105,600000,1.8,55,50.0,368,114,75,52,22.6,3,0
4.0,1.0,1.0,1.0,2.0,1.0,1.0,1.0,1.0,1.0,1.0,1.0,1.0,1.0,0.0,1.0,1.0,1.0,92,5120,70,482,88,1000000,1.5,86,50.0,687,68,75,73,47.0,6,0
1.0,1.0,1.0,1.0,1.0,2.0,1.0,1.0,0.0,1.0,1.0,1.0,1.0,1.0,1.0,1.0,1.0,1.0,70,5120,70,360,55,800000,0.8,55,50.0,190,40,55,85,11.5,2,0
1.0,1.0,1.0,1.0,1.0,2.0,1.0,1.0,0.0,1.0,1.0,1.0,1.0,1.0,1.0,1.0,1.0,1.0,80,5120,70,490,105,1250000,1.2,95,0.0,241,40,70,100,75.5,2,0
1.0,1.0,1.0,1.0,1.0,2.0,1.0,1.0,0.0,1.0,1.0,1.0,1.0,1.0,1.0,1.0,1.0,1.0,36,3840,70,237,38,1000000,0.4,38,50.0,659,32,36,57,5.0,6,0
1.0,0.5,1.0,0.5,2.0,1.0,2.0,4.0,1.0,0.5,0.5,2.0,1.0,2.0,2.0,0.5,1.0,0.5,90,20480,35,580,72,1250000,2.0,91,,640,90,129,108,200.0,5,1
0.5,1.0,1.0,4.0,1.0,0.5,0.5,1.0,1.0,1.0,0.0,1.0,1.0,1.0,1.0,2.0,0.5,0.5,20,6400,70,345,50,1250000,1.0,45,50.0,458,60,120,50,65.0,4,0
1.0,1.0,2.0,0.5,2.0,1.0,0.5,1.0,1.0,0.5,1.0,2.0,1.0,1.0,1.0,1.0,1.0,0.5,95,10240,35,420,100,1250000,1.1,65,50.0,372,60,50,50,110.5,3,0
1.0,1.0,1.0,0.5,1.0,1.0,1.0,0.5,1.0,1.0,2.0,1.0,1.0,1.0,1.0,1.0,0.5,1.0,45,2560,100,405,70,1000000,0.4,60,50.0,417,45,90,95,3.9,4,0
0.25,0.5,1.0,1.0,1.0,1.0,0.5,2.0,1.0,0.5,2.0,0.5,1.0,1.0,2.0,1.0,0.5,2.0,85,5120,70,405,60,1059860,0.9,60,88.1,256,85,60,55,19.5,3,0
1.0,1.0,1.0,2.0,1.0,1.0,0.5,1.0,1.0,2.0,1.0,0.5,1.0,1.0,1.0,1.0,0.5,0.5,63,5120,70,405,80,1059860,1.0,59,88.1,8,65,80,58,22.5,1,0
1.0,0.5,1.0,2.0,2.0,1.0,1.0,1.0,0.5,0.5,0.0,2.0,1.0,1.0,0.0,2.0,1.0,1.0,125,5120,35,505,52,1059860,0.9,100,50.0,430,105,52,71,27.3,4,0
1.0,1.0,1.0,1.0,1.0,2.0,1.0,1.0,0.0,1.0,1.0,1.0,1.0,1.0,1.0,1.0,1.0,1.0,55,3840,70,255,39,1000000,0.5,45,50.0,504,35,39,42,11.6,5,0
1.0,1.0,1.0,1.0,1.0,0.5,2.0,2.0,1.0,0.5,0.5,1.0,1.0,1.0,1.0,2.0,1.0,1.0,65,5120,70,290,90,1000000,0.6,50,50.0,204,35,35,15,7.2,2,0
0.5,1.0,1.0,2.0,1.0,0.25,2.0,2.0,1.0,0.25,0.0,2.0,1.0,1.0,1.0,4.0,1.0,1.0,45,3840,70,395,50,1000000,1.1,60,50.0,12,90,80,70,32.0,1,0
1.0,1.0,1.0,2.0,1.0,1.0,0.5,1.0,1.0,2.0,1.0,0.5,1.0,1.0,1.0,1.0,0.5,0.5,60,5120,70,540,79,600000,6.2,95,50.0,350,100,125,81,162.0,3,0
1.0,1.0,1.0,1.0,2.0,0.0,1.0,1.0,1.0,1.0,1.0,1.0,0.0,0.5,0.0,1.0,1.0,1.0,85,6400,35,480,125,1059860,0.5,50,50.0,302,85,115,20,11.0,3,0
1.0,1.0,1.0,1.0,1.0,2.0,1.0,1.0,0.0,1.0,1.0,1.0,1.0,1.0,1.0,1.0,1.0,1.0,90,5120,70,440,70,1059860,1.0,60,50.0,352,60,120,40,22.0,3,0
1.0,0.25,1.0,1.0,4.0,2.0,1.0,2.0,0.5,1.0,1.0,1.0,1.0,1.0,0.0,0.5,1.0,1.0,124,6400,70,495,78,1000000,2.1,95,50.0,675,69,71,58,136.0,6,0
2.0,2.0,1.0,1.0,1.0,0.5,1.0,1.0,2.0,1.0,1.0,1.0,1.0,1.0,0.5,1.0,1.0,1.0,125,20480,140,580,70,1250000,0.3,75,,482,125,70,115,0.3,4,1
1.0,1.0,1.0,1.0,1.0,2.0,1.0,1.0,0.0,1.0,1.0,1.0,1.0,1.0,1.0,1.0,1.0,1.0,125,5120,70,590,100,1000000,2.2,105,0.0,115,60,100,100,80.0,1,0
0.5,2.0,2.0,0.5,2.0,0.0,0.5,1.0,2.0,0.5,1.0,2.0,0.0,0.5,1.0,1.0,1.0,0.5,120,30720,0,680,100,1250000,4.5,150,,487,120,100,90,750.0,4,1
2.0,2.0,1.0,2.0,1.0,0.5,0.5,1.0,2.0,2.0,1.0,0.5,1.0,1.0,0.5,1.0,0.5,0.5,105,3840,70,475,70,1000000,0.9,68,50.0,779,70,70,92,19.0,7,0
0.5,0.5,1.0,1.0,2.0,1.0,1.0,2.0,1.0,1.0,1.0,1.0,1.0,1.0,2.0,0.5,1.0,1.0,130,5120,70,505,80,1059860,1.6,90,75.4,68,65,85,55,130.0,1,0
0.25,2.0,0.5,1.0,0.5,0.0,2.0,0.5,2.0,0.5,2.0,0.5,0.0,0.0,0.5,0.5,0.5,1.0,150,5120,70,520,50,1000000,1.7,60,50.0,681,150,50,60,53.0,6,0
0.5,1.0,1.0,2.0,1.0,0.25,2.0,2.0,1.0,0.25,0.0,2.0,1.0,1.0,1.0,4.0,1.0,1.0,70,3840,70,395,50,1000000,1.0,60,50.0,267,100,50,65,28.4,3,0
1.0,1.0,1.0,0.0,1.0,1.0,0.5,1.0,1.0,4.0,1.0,1.0,1.0,0.5,1.0,0.5,0.5,1.0,85,5120,70,405,70,1059860,0.7,70,88.1,259,60,70,50,28.0,3,0
2.0,1.0,1.0,0.5,1.0,1.0,2.0,2.0,1.0,0.5,0.5,2.0,1.0,2.0,1.0,1.0,1.0,0.5,100,5120,70,535,125,1000000,2.0,100,50.0,465,110,50,50,128.6,4,0
0.5,1.0,1.0,2.0,1.0,1.0,1.0,1.0,0.0,0.5,0.0,2.0,1.0,1.0,1.0,2.0,1.0,1.0,85,3840,70,355,50,1000000,0.6,55,50.0,732,40,50,75,14.8,7,0
0.5,1.0,1.0,2.0,1.0,1.0,1.0,1.0,0.0,0.5,0.0,2.0,1.0,1.0,1.0,2.0,1.0,1.0,85,5120,70,310,45,1000000,1.4,35,50.0,84,35,35,75,39.2,1,0
